Date,Highest Monthly Outdoor Tempreture,Lowest Monthly Outdoor Tempreture,Average Monthly Tempreture,Natural Gas Consumtion[m3],Global Warming Potential [kg CO2 eq],Acidification Potential [kg SO2 eq,HH Particulate [kg PM2.5 eq],Eutrophication Potential [kg N eq],Ozone Depletion Potential [kg CFC-11 eq],Smog Potential [kg O3 eq],Payable_Amount[IRR],Payable_Amount[USD],Month,Year,Season
2013-03-02,24.0,-3.0,14.0,13879,33329.50401184477,285.883162558758,17.051913791570165,2.8083221232019318,1.3397787252373538e-08,717.9895168248203,8327400,198.27142857142857,3,2013,Spring
2013-04-15,27.0,7.0,18.0,8669,20818.03229906206,178.56626098579673,10.650842327193729,1.7541137319718672,8.368428394756554e-09,448.46538809383725,5201400,123.84285714285714,4,2013,Spring
2013-05-14,33.0,13.0,22.0,1672,4015.1978318181755,34.44028012091962,2.054240208913129,0.33831793284772893,1.6140284088168137e-09,86.49603517048055,1003200,23.885714285714286,5,2013,Spring
2013-06-25,37.0,18.0,28.0,1844,4428.2444987277,37.983179750583595,2.2655615701171112,0.37312097378661013,1.7800648240778734e-09,95.39395266409458,1106400,26.34285714285714,6,2013,Summer
2013-07-29,42.0,19.0,32.0,1355,3253.943218967481,27.910633710434258,1.6647700257639293,0.2741751190243258,1.3080194341786976e-09,70.0969663014361,406500,9.678571428571429,7,2013,Summer
2013-10-06,32.0,8.0,19.0,2630,6315.771709139834,54.17340712800155,3.231251046316704,0.5321627771468463,2.5388126287010884e-09,136.05536632677263,789000,18.785714285714285,10,2013,Fall
2013-11-17,21.0,3.0,12.0,5736,13774.626054610679,118.15158299856155,7.047321673639777,1.1606409466594336,5.537121383357203e-09,296.7352019963376,1720800,40.97142857142857,11,2013,Fall
2013-12-24,17.0,-2.0,5.0,14144,33965.88405097863,291.3416997788798,17.377496121332115,2.8619430874391614,1.3653599171235055e-08,731.6985176144001,4243200,101.02857142857142,12,2013,Winter
2014-02-01,17.0,-7.0,5.0,16338,39234.630488185016,336.5342683107564,20.073072089248026,3.3058842026711694,1.577152879380927e-08,845.1986977364302,4901400,116.7,2,2014,Winter
2014-03-08,22.0,0.0,13.0,12763,30649.503545152736,262.8955114732638,15.68078216887456,2.582507043621749,1.2320481209168058e-08,660.2565172732316,3828900,91.16428571428571,3,2014,Spring
2014-04-20,30.0,-2.0,18.0,4598,11041.794037499982,94.71077033252894,5.649160574511105,0.9303743153312546,4.4385781242462375e-09,237.86409671882151,1708210,40.67166666666667,4,2014,Spring
2014-05-21,33.0,14.0,25.0,1142,2742.4377535504523,23.523205680675957,1.4030755493892304,0.2310760043732694,1.1024045710937806e-09,59.078033591321045,459655,10.944166666666666,5,2014,Spring
2014-06-30,40.0,14.0,30.0,943,2264.5523656725713,19.424153202169375,1.1585816489264835,0.19080969538002893,9.103042999487173e-10,48.78334997952342,379558,9.037095238095239,6,2014,Summer
2014-08-09,41.0,22.0,32.0,798,1916.3444197314018,16.437406421347998,0.9804328269812661,0.16146992249550698,7.703317405716611e-10,41.28219860409299,321195,7.6475,8,2014,Summer
2014-09-04,36.0,17.0,28.0,575,1380.8246132149825,11.843995854981326,0.7064522249551729,0.11634737523172496,5.550635975297056e-10,29.7459451094655,231438,5.510428571428571,9,2014,Fall
2014-10-14,32.0,0.0,18.0,1212,2910.5381412461893,24.965083436934552,1.4890784289489905,0.24524003266234895,1.1699775307930492e-09,62.69927908290815,487830,11.615,10,2014,Fall
2014-11-13,17.0,1.0,10.0,5954,14298.138690577402,122.64200229662404,7.3151592128401735,1.2047517776168528,5.747562886420639e-09,308.01279509870886,4792970,114.11833333333334,11,2014,Fall
2014-12-15,16.0,1.0,7.0,9176,22035.559392801184,189.00957559184113,11.27374889771942,1.8567017654370577,8.857849688578398e-09,474.69355186861816,7386680,175.87333333333333,12,2014,Winter
2015-01-18,16.0,-2.0,-7.0,12259,29439.18075374343,252.5139916282019,15.061561436044286,2.480526039940376,1.1833955899333323e-08,634.1835497338045,9868495,234.96416666666667,1,2015,Winter
2015-04-04,31.0,7.0,19.0,7092,17030.9707076881,146.08281496265664,8.713320311968845,1.435018408945032,6.846106145531604e-09,366.8839003762249,5709060,135.93,4,2015,Spring
2015-06-13,41.0,19.0,32.0,899,2158.889264835251,18.517830041092544,1.1045226960603487,0.18190659188403607,8.678298681377485e-10,46.507138527668666,773551,18.41788095238095,6,2015,Summer
2015-07-15,40.0,18.0,32.0,615,1476.8819776125465,12.667926001414811,0.7555967275607501,0.12444110568262756,5.936767173578591e-10,31.815228247515275,569306,13.554904761904762,7,2015,Summer
2015-08-29,39.0,20.0,31.0,902,2166.093567165068,18.579624802075056,1.108208533755767,0.18251362166785376,8.7072585212486e-10,46.6623347630224,834981,19.8805,8,2015,Summer
2015-10-07,32.0,7.0,21.0,769,1846.702830543168,15.840057065183723,0.9448030625922226,0.1556019679186026,7.423372286962498e-10,39.7819683290069,711863,16.949119047619046,10,2015,Fall
2015-11-14,18.0,4.0,11.0,5510,13231.90194576444,113.49637767121237,6.769655233918265,1.114911369611834,5.318957256328136e-09,285.04375226635636,5100912,121.45028571428571,11,2015,Fall
2015-12-19,16.0,-1.0,5.0,11592,27837.424202414048,238.77495643642354,14.242076855096286,2.3455630846715754,1.1190082126198866e-08,599.6782534068245,10734192,255.576,12,2015,Winter
2016-01-23,17.0,-4.0,7.0,14001,33622.47897325734,288.3961495053801,17.201804524517176,2.8330080010771845,1.3515557267849407e-08,724.3008303958721,12964926,308.6887142857143,1,2016,Winter
2016-02-24,24.0,-5.0,10.0,10813,25966.70703077149,222.72891683463146,13.284987666852668,2.187937684140247,1.0438091617545578e-08,559.3789642933051,10012838,238.40090476190477,2,2016,Winter
2016-04-07,32.0,3.0,18.0,6554,15738.999156540862,135.0009544931263,8.052326751923832,1.3261577343803919,6.3267596838429405e-09,339.05204216945543,6069004,144.50009523809524,4,2016,Spring
2016-05-10,35.0,14.0,25.0,1208,2900.9324048064327,24.882690422291205,1.4841639786884329,0.24443065961725868,1.1661162188102337e-09,62.492350769103176,1118608,26.63352380952381,5,2016,Spring
2016-06-25,40.0,17.0,29.0,1028,2468.674265017395,21.175004763340528,1.2630137169633353,0.20800887258819697,9.923571795835432e-10,53.18057664787919,951928,22.664952380952382,6,2016,Summer
2016-08-14,38.0,22.0,30.0,1042,2502.2943425565422,21.463380314592246,1.2802142928752873,0.21084167824601288,1.005871771523397e-09,53.90482574619661,964892,22.97361904761905,8,2016,Summer
2016-09-28,38.0,14.0,27.0,729,1750.645466145604,15.016126918750238,0.8956585599866453,0.14750823746769998,7.037241088680963e-10,37.71268519095713,675054,16.072714285714287,9,2016,Fall
2016-11-09,25.0,-7.0,10.0,3256,7819.06946196171,67.06791391968557,4.000362512093988,0.6588296587034721,3.1431079540116896e-09,168.4396474372516,3015056,71.78704761904761,11,2016,Fall
2016-12-27,17.0,-1.0,6.0,17400,41784.953512940345,358.40961369856535,21.3778586334261,3.5207727461426335,1.6796707125246746e-08,900.1381650516516,16112400,383.62857142857143,12,2016,Winter
2017-02-07,18.0,-5.0,5.0,16094,38648.68056535988,331.5082944175121,19.773290623354004,3.2565124469206634,1.5535988762857533e-08,832.5760705943266,14903044,354.83438095238097,2,2017,Winter
2017-03-15,21.0,1.0,11.0,12836,30824.80823517829,264.39918399050487,15.770470886129738,2.5972781016946462,1.2390950152854438e-08,664.0329590001725,11886136,283.0032380952381,3,2017,Spring
2017-05-11,35.0,13.0,25.0,4291,10304.553765748678,88.38710645865196,5.271976517013299,0.8682549341205771,4.1422224295651595e-09,221.9823486342895,3973466,94.60633333333334,5,2017,Spring
2017-06-28,39.0,18.0,30.0,1918,4605.950622863194,39.50745052148554,2.356478899937429,0.38809437512077993,1.8514990957599572e-09,99.22212646948665,1776068,42.287333333333336,6,2017,Summer
2017-08-10,38.0,21.0,30.0,1718,4125.663800875374,35.38779978931812,2.110756386909543,0.3476257228662669,1.6584334966191901e-09,88.87571077923779,1590868,37.877809523809525,8,2017,Summer
2017-09-24,37.0,14.0,27.0,1463,3513.2981028409035,30.135245105804664,1.7974601827989878,0.29602819124176283,1.412274857714712e-09,75.68403077417048,1354738,32.25566666666667,9,2017,Fall
2017-11-12,24.0,2.0,14.0,1742,4183.298219513912,35.88215787717821,2.140243088472889,0.35248196113680846,1.6816013685160822e-09,90.11728066206766,1613092,38.40695238095238,11,2017,Fall
2017-12-30,20.0,0.0,8.0,7925,19031.365321267367,163.24116026213395,9.736754578729991,1.6035703455850787,7.6502243659529e-09,409.97672172611146,7338550,174.72738095238094,12,2017,Winter
2018-02-07,16.0,-3.0,8.0,13802,33144.59358537946,284.29709702687353,16.95731062405443,2.7927416920839443,1.3323456996704343e-08,714.0061467840745,12780652,304.3012380952381,2,2018,Winter
2018-03-14,29.0,4.0,17.0,9712,23322.72807572854,200.05023955404982,11.932285232634156,1.9651577534791527,9.375265494275654e-09,502.4219459184851,8993312,214.12647619047618,3,2018,Spring
2018-05-13,33.0,10.0,21.0,4275,10266.130819989652,88.05753440007857,5.252318715971068,0.865017441940216,4.126777181633898e-09,221.1546353790696,3958651,94.25359523809524,5,2018,Spring
2018-06-26,39.0,17.0,29.0,1968,4726.022328360149,40.537363204527395,2.4179095281944005,0.3982115381844082,1.899765495545149e-09,101.80873039204887,1822368,43.389714285714284,6,2018,Summer
2018-08-14,39.0,20.0,32.0,1560,3746.237211504996,32.13327571090586,1.9166356016175126,0.3156554875852016,1.505911673297984e-09,80.70204238394118,1661244,39.55342857142857,8,2018,Summer
2018-10-06,32.0,9.0,19.0,1519,3647.778412997493,31.28874731081154,1.8662624864467958,0.30735941387302645,1.4663332254741267e-09,78.58102716744017,1617583,38.51388095238095,10,2018,Fall
2018-11-24,18.0,5.0,11.0,8306,19946.311717154167,171.08909490691286,10.204855966048115,1.680663128129926,8.018014332316061e-09,429.68664361603555,8138880,193.78285714285715,11,2018,Fall
2019-01-08,15.0,-2.0,6.0,14824,35598.85924573722,305.348512268249,18.212952665626926,2.9995365051045058,1.4310022208313664e-08,766.8763309612463,14138016,336.61942857142856,1,2019,Winter
2019-02-23,14.0,-1.0,7.0,16565,39779.756031141194,341.2100718917664,20.351967141534676,3.3518161229800416,1.599065824883404e-08,856.9418795448627,15759315,375.2217857142857,2,2019,Winter
2019-04-14,25.0,2.0,15.0,12814,30771.97668475963,263.9460224099665,15.74344140969667,2.5928265499466496,1.2369712936948952e-08,662.8948532742451,12322422,293.391,4,2019,Spring
2019-06-02,40.0,16.0,30.0,3188,7655.7719424858515,65.66723267074865,3.9168168576645064,0.6450703169369377,3.077465650303829e-09,164.92186610256698,3394901,80.83097619047619,6,2019,Summer
2019-07-23,41.0,18.0,33.0,1357,3258.746087187359,27.95183021775593,1.667227250894208,0.2745798055468709,1.3099500901701053e-09,70.20043045833859,1445069,34.40640476190476,7,2019,Summer
2019-09-17,36.0,16.0,27.0,1317,3162.688722789795,27.127900071322447,1.6180827482886309,0.2664860750959683,1.271336970341952e-09,68.1311473202888,1402473,33.39221428571429,9,2019,Fall
2019-11-05,20.0,1.0,9.0,4187,10054.804618315013,86.2448880779249,5.144200810238798,0.8472112349482303,4.041828318011961e-09,216.6022124753601,4324686,102.96871428571428,11,2019,Fall
2019-12-23,16.0,2.0,8.0,13636,32745.95552312957,280.8777869191746,16.753360938241283,2.7591527107126983,1.3163212549417507e-08,705.418621761168,13065327,311.0792142857143,12,2019,Winter
2020-02-01,18.0,-7.0,7.0,15234,36583.44723081225,313.7937962691922,18.716683817334093,3.0824972422262573,1.4705806686552236e-08,788.0864831262564,14472010,344.57166666666666,2,2020,Winter
2020-03-11,22.0,1.0,13.0,11881,28531.43866018645,244.72785174440546,14.59714588642158,2.4040402871793463,1.1469061916957274e-08,614.628824079234,11357999,270.4285476190476,3,2020,Spring
2020-04-29,26.0,2.0,15.0,9179,22042.763695131,189.07137035282366,11.277434735414838,1.8573087952208756,8.86074567256551e-09,474.8487481039719,8947277,213.03040476190475,4,2020,Spring
2020-07-28,40.0,20.0,31.0,1962,4711.613723700514,40.41377368256237,2.410537852803564,0.3969974786167728,1.893973527570926e-09,101.49833792134142,2089334,49.746047619047616,7,2020,Summer
2020-09-15,36.0,15.0,26.0,2072,4975.771475793816,42.679581585254454,2.5456852349689014,0.41925523735675496,2.000159607098348e-09,107.18886655097829,2206473,52.53507142857143,9,2020,Fall
2020-11-08,25.0,4.0,11.0,5638,13539.285511836646,116.13295413979951,6.926917642256113,1.1408113070547223,5.4425192397782265e-09,291.66545830811566,5713978,136.04709523809524,11,2020,Fall
2021-02-06,20.0,0.0,10.0,15639,37556.02804533759,322.13608900183124,19.214271906215565,3.164446263041646,1.509676452481229e-08,809.0379748990104,14929238,355.45804761904765,2,2021,Winter
2021-04-05,32.0,8.0,22.0,14071,33790.57936095308,289.8380272616387,17.287807404076936,2.847172029366264,1.3583130227548675e-08,727.9220758874592,13559468,322.8444761904762,4,2021,Spring
2021-05-17,37.0,13.0,25.0,811,1947.5630631606102,16.70518371893888,0.9964047903280787,0.16410038489205034,7.828810045158109e-10,41.95471562395917,390691,9.302166666666666,5,2021,Spring
2021-06-28,39.0,22.0,32.0,816,1959.5702337103057,16.808174987243067,1.002547853153776,0.16511210119841316,7.877076444943301e-10,42.213376016215385,0,0.0,6,2021,Summer
2021-08-22,39.0,24.0,31.0,1109,2663.190427922462,22.843463309868334,1.362531334739629,0.22439867675127476,1.070548747235554e-09,57.37087500242998,0,0.0,8,2021,Summer
2021-09-29,38.0,17.0,28.0,839,2014.803218238905,17.28193482144232,1.0308059421519826,0.16976599620768215,8.099101883955184e-10,43.40321382059401,0,0.0,9,2021,Fall
2021-11-20,24.0,2.0,11.0,6001,14411.00609374454,123.61012021868338,7.372904003401726,1.2142619108966635,5.792933302218719e-09,310.44420278591735,4523888,107.71161904761905,11,2021,Fall
2021-12-29,18.0,0.0,8.0,10917,26216.456178205157,224.87113521535852,13.41276337362717,2.2089813833125937,1.0538485729098777e-08,564.7591004522345,10465335,249.17464285714286,12,2021,Winter
2022-02-26,19.0,0.0,9.0,18266,43864.5954521476,376.2477013688503,22.44183711483685,3.696002010404675,1.7632681169526267e-08,944.9381449904292,17453172,415.5517142857143,2,2022,Winter
2022-04-18,30.0,8.0,21.0,5775,13868.281984898304,118.9549148913342,7.0952375636802145,1.1685323338490636,5.5747691751896526e-09,298.7527530559361,0,0.0,4,2022,Spring
2013-03-14,24.0,-3.0,14.0,4586,11012.976828180714,94.46359128859889,5.634417223729431,0.9279461961959837,4.426994188297791e-09,237.24331177740657,2751600,65.51428571428572,3,2013,Spring
2013-06-03,37.0,18.0,28.0,40,96.057364397564,0.8239301464334836,0.04914450260557725,0.008093730450902606,3.8613119828153436e-11,2.069283138049774,24000,0.5714285714285714,6,2013,Summer
2013-07-13,42.0,19.0,32.0,36,86.4516279578076,0.7415371317901353,0.04423005234501952,0.0072843574058123455,3.475180784533809e-11,1.8623548242447965,21600,0.5142857142857142,7,2013,Summer
2013-08-19,38.0,20.0,30.0,30,72.043023298173,0.6179476098251127,0.03685837695418293,0.006070297838176955,2.8959839871115077e-11,1.5519623535373304,9000,0.21428571428571427,8,2013,Summer
2013-09-21,36.0,17.0,28.0,22,52.8315504186602,0.453161580538416,0.027029476433067485,0.004451551747996433,2.123721590548439e-11,1.1381057259273757,6600,0.15714285714285714,9,2013,Fall
2013-10-26,32.0,8.0,19.0,40,96.057364397564,0.8239301464334836,0.04914450260557725,0.008093730450902606,3.8613119828153436e-11,2.069283138049774,12000,0.2857142857142857,10,2013,Fall
2013-11-30,21.0,3.0,12.0,4379,10515.87996742332,90.19975278080562,5.380094422745569,0.8860611411125627,4.227171293187098e-09,226.534771537999,1313700,31.27857142857143,11,2013,Fall
2014-02-18,17.0,-7.0,5.0,19414,46621.44181035769,399.8944965714913,23.852284339616915,3.92829207434558,1.874087770859427e-08,1004.3265710524578,5824202,138.6714761904762,2,2014,Winter
2014-04-29,30.0,-2.0,18.0,8879,21322.33346214927,182.89189425457252,10.90885096587301,1.796605816839106,8.57114727385436e-09,459.32912456859856,3170755,75.49416666666667,4,2014,Spring
2014-07-20,42.0,20.0,32.0,101,242.5448451038491,2.080423619744546,0.12408986907908255,0.020436669388529078,9.749812756608742e-11,5.224939923575679,40653,0.9679285714285715,7,2014,Summer
2014-09-22,36.0,17.0,28.0,61,146.4874807062851,1.2564934733110624,0.0749453664735053,0.012342938937626474,5.888500773793399e-11,3.1556567855259052,24553,0.5845952380952381,9,2014,Fall
2014-10-25,32.0,0.0,18.0,51,122.47313960689411,1.0505109367026917,0.062659240822111,0.010319506324900822,4.9231727780895634e-11,2.6383360010134616,20528,0.4887619047619048,10,2014,Fall
2014-12-29,16.0,1.0,7.0,5775,13868.281984898304,118.9549148913342,7.0952375636802145,1.1685323338490636,5.5747691751896526e-09,298.7527530559361,4648875,110.6875,12,2014,Winter
2015-02-01,17.0,-3.0,8.0,6430,15441.221326908413,132.4467710391825,7.899978793846542,1.301067169982594,6.2070590123756646e-09,332.63726444150115,5176150,123.24166666666666,2,2015,Winter
2015-04-18,31.0,7.0,19.0,10192,24475.41644849931,209.93740131125162,12.522019263901083,2.062282518889984,9.838622932213495e-09,527.2533435750825,8204559,195.34664285714285,4,2015,Spring
2015-05-20,35.0,14.0,25.0,48,115.26883727707681,0.9887161757201803,0.05897340312669269,0.009712476541083127,4.633574379378412e-11,2.483139765659729,38640,0.92,5,2015,Spring
2015-06-25,41.0,19.0,32.0,53,127.2760078267723,1.0917074440243657,0.06511646595238985,0.010724192847445952,5.11623837723033e-11,2.7418001579159506,47818,1.1385238095238095,6,2015,Summer
2015-08-02,39.0,20.0,31.0,32,76.8458915180512,0.6591441171467869,0.0393156020844618,0.006474984360722085,3.089049586252275e-11,1.6554265104398191,29622,0.7052857142857143,8,2015,Summer
2015-09-15,34.0,16.0,26.0,34,81.64875973792941,0.7003406244684611,0.04177282721474066,0.006879670883267215,3.282115185393042e-11,1.758890667342308,31474,0.7493809523809524,9,2015,Fall
2015-11-21,18.0,4.0,11.0,71,170.50182180567612,1.4624760099194334,0.08723149212489961,0.014366371550352126,6.853828769497235e-11,3.672977570038349,65725,1.5648809523809524,11,2015,Fall
2015-11-25,18.0,4.0,11.0,3767,9046.20229214059,77.59362154037332,4.628183532880237,0.7622270652137529,3.63639055981635e-09,194.87473952583747,3487768,83.04209523809524,11,2015,Fall
2016-01-03,17.0,-4.0,7.0,7662,18399.788150353386,157.8238195493338,9.413629474098322,1.5503540678703942,7.39634310308279e-09,396.3711850934342,7095012,168.92885714285714,1,2016,Winter
2016-02-03,24.0,-5.0,10.0,6124,14706.38248926705,126.14370541896633,7.524023348913876,1.239150132033189,5.911668645690291e-09,316.8072484354204,5670824,135.01961904761905,2,2016,Winter
2016-03-08,23.0,2.0,14.0,4686,11253.120239174623,96.5234166546826,5.757278480243374,0.9481805223232402,4.523526987868175e-09,242.416519622531,4339236,103.31514285714286,3,2016,Spring
2016-04-17,32.0,3.0,18.0,4345,10434.23120768539,89.49941215633716,5.338321595530829,0.8791814702292956,4.194350141333167e-09,224.7758808706567,4023470,95.79690476190476,4,2016,Spring
2016-05-26,35.0,14.0,25.0,533,1279.9643805975404,10.97886920122617,0.6548504972193168,0.10784895825827723,5.145198217101446e-10,27.573197814513236,493558,11.751380952380952,5,2016,Spring
2016-07-16,40.0,20.0,32.0,65,156.0932171460415,1.338886487954411,0.07985981673406302,0.013152311982716734,6.274631972074933e-11,3.362585099330883,60190,1.4330952380952382,7,2016,Summer
2016-08-29,38.0,22.0,30.0,56,134.4803101565896,1.153502205006877,0.06880230364780815,0.011331222631263647,5.405836775941481e-11,2.8969963932696836,51856,1.2346666666666666,8,2016,Summer
2016-10-16,30.0,11.0,19.0,65,156.0932171460415,1.338886487954411,0.07985981673406302,0.013152311982716734,6.274631972074933e-11,3.362585099330883,60190,1.4330952380952382,10,2016,Fall
2016-12-03,17.0,-1.0,6.0,4397,10559.105781402222,90.57052134670069,5.402209448918079,0.8897033198154689,4.244547197109766e-09,227.4659489501214,4071623,96.94340476190476,12,2016,Winter
2017-01-14,15.0,-3.0,5.0,8461,20318.534004194727,174.2818242243426,10.395290913644727,1.7120263336271737,8.167640171650155e-09,437.7051157759784,7834886,186.54490476190477,1,2017,Winter
2017-02-21,18.0,-5.0,5.0,8836,21219.07179542189,182.00616934715654,10.856020625572013,1.7879050566043857,8.529638170039094e-09,457.1046451951951,8182136,194.8127619047619,2,2017,Winter
2017-04-12,29.0,4.0,18.0,7491,17989.1429175538,154.30151817333063,9.203536725459479,1.5157533701927854,7.231272015817435e-09,387.5249996782714,6936666,165.1587142857143,4,2017,Spring
2017-05-30,35.0,13.0,25.0,61,146.4874807062851,1.2564934733110624,0.0749453664735053,0.012342938937626474,5.888500773793399e-11,3.1556567855259052,56486,1.3449047619047618,5,2017,Spring
2017-07-15,41.0,17.0,32.0,46,110.4659690571986,0.9475196683985061,0.056516177996413834,0.009307790018537997,4.440508780237645e-11,2.37967560875724,42596,1.014190476190476,7,2017,Summer
2017-08-27,38.0,21.0,30.0,1,2.4014341099391,0.02059825366083709,0.0012286125651394311,0.00020234326127256514,9.653279957038359e-13,0.05173207845124435,926,0.02204761904761905,8,2017,Summer
2017-10-15,29.0,10.0,20.0,19,45.627248088842904,0.3913668195559047,0.02334363873764919,0.0038445219641787378,1.8341231918372882e-11,0.9829094905736426,17594,0.4189047619047619,10,2017,Fall
2017-11-30,24.0,2.0,14.0,2509,6025.198181837202,51.68101843504026,3.0825889259348327,0.5076792425328659,2.4220079412209243e-09,129.79578483417208,2323334,55.31747619047619,11,2017,Fall
2018-01-12,16.0,-8.0,6.0,11054,26545.452651266813,227.6930959668932,13.581083295051272,2.2367024101069353,1.0670735664510201e-08,571.846395200055,10236004,243.71438095238096,1,2018,Winter
2018-02-24,16.0,-3.0,8.0,10084,24216.061564625885,207.71278991588122,12.389329106866024,2.040429446672547,9.734367508677481e-09,521.666279102348,9337784,222.32819047619049,2,2018,Winter
2018-04-18,26.0,3.0,17.0,3275,7864.696710050553,67.45928073924146,4.023706150831637,0.6626741806676508,3.1614491859300625e-09,169.42255692782524,3032650,72.20595238095238,4,2018,Spring
2018-05-29,33.0,10.0,21.0,1109,2663.190427922462,22.843463309868334,1.362531334739629,0.22439867675127476,1.070548747235554e-09,57.37087500242998,1026934,24.450809523809525,5,2018,Spring
2018-07-16,41.0,25.0,34.0,74,177.7061241354934,1.5242707709019447,0.0909173298203179,0.014973401334169821,7.143427168208385e-11,3.828173805392082,68524,1.6315238095238096,7,2018,Summer
2018-09-04,38.0,17.0,27.0,59,141.6846124864069,1.2152969659893884,0.07248814134322644,0.011938252415081344,5.695435174652632e-11,3.0521926286234167,62829,1.4959285714285715,9,2018,Fall
2018-10-21,32.0,9.0,19.0,60,144.086046596346,1.2358952196502253,0.07371675390836586,0.01214059567635391,5.7919679742230153e-11,3.1039247070746607,63894,1.5212857142857144,10,2018,Fall
2018-12-09,17.0,1.0,9.0,8301,19934.30454660447,170.98610363860868,10.198712903222418,1.6796514118235633,8.013187692337542e-09,429.42798322377934,8134250,193.67261904761904,12,2018,Winter
2019-01-23,15.0,-2.0,6.0,11237,26984.91509338567,231.46257638682638,13.805919394471788,2.2737312269198147,1.0847390687724004e-08,581.3133655566328,10816454,257.53461904761906,1,2019,Winter
2019-03-03,19.0,1.0,11.0,7498,18005.952956323374,154.44570594895652,9.212137013415454,1.5171697730216935,7.238029311787361e-09,387.88712422743015,7299341,173.79383333333334,3,2019,Spring
2019-05-01,34.0,12.0,24.0,6400,15369.17830361024,131.82882342935739,7.863120416892359,1.294996872144417,6.17809917250455e-09,331.08530208796384,6465256,153.93466666666666,5,2019,Spring
2019-06-22,40.0,16.0,30.0,69,165.6989535857979,1.4212795025977591,0.08477426699462075,0.013961685027806994,6.660763170356467e-11,3.56951341313586,73478,1.7494761904761904,6,2019,Summer
2019-08-06,40.0,22.0,31.0,51,122.47313960689411,1.0505109367026917,0.062659240822111,0.010319506324900822,4.9231727780895634e-11,2.6383360010134616,54310,1.293095238095238,8,2019,Summer
2019-10-05,30.0,10.0,20.0,67,160.8960853659197,1.3800829952760851,0.08231704186434188,0.013556998505261864,6.467697571215701e-11,3.4660492562333713,71348,1.6987619047619047,10,2019,Fall
2019-11-25,20.0,1.0,9.0,3986,9572.116362217253,82.10463909209665,4.8972496846457725,0.8065402394324447,3.84779739087549e-09,206.20406470665998,4156827,98.97207142857143,11,2019,Fall
2020-01-08,12.0,-2.0,4.0,9427,22638.319354395895,194.17973726071125,11.582130651569418,1.9074899240164715,9.10014701550006e-09,487.6783035598805,9131261,217.4109761904762,1,2020,Winter
2020-02-16,18.0,-7.0,7.0,9367,22494.23330779955,192.94384204106103,11.508413897661052,1.8953493283401177,9.04222733575783e-09,484.5743788528058,9030035,215.00083333333333,2,2020,Winter
2020-04-06,26.0,2.0,15.0,5423,13022.97717819974,111.70432960271954,6.662765940751135,1.0973075058811208,5.234973720701902e-09,280.5430614410981,5478356,130.43704761904763,4,2020,Spring
2020-06-28,39.0,16.0,30.0,0,0.0,0.0,0.0,0.0,0.0,0.0,0,0.0,6,2020,Summer
2020-08-17,39.0,17.0,29.0,71,170.50182180567612,1.4624760099194334,0.08723149212489961,0.014366371550352126,6.853828769497235e-11,3.672977570038349,75608,1.8001904761904761,8,2020,Summer
2020-10-03,30.0,9.0,18.0,62,148.8889148162242,1.2770917269718995,0.07617397903864473,0.01254528219889904,5.985033573363783e-11,3.2073888639771497,66024,1.572,10,2020,Fall
2021-05-31,37.0,13.0,25.0,22422,53844.9556130545,461.85404358328924,27.547950935556326,4.536940604253456,2.1644584319671408e-08,1159.9366630338009,22954729,546.5411666666666,5,2021,Spring
2021-07-13,41.0,21.0,32.0,55,132.0788760466505,1.13290395134604,0.06757369108266871,0.011128879369991082,5.309303976371098e-11,2.845264314818439,52456000,1248.952380952381,7,2021,Summer
2021-09-04,38.0,17.0,28.0,33,79.2473256279903,0.679742370807624,0.04054421464960123,0.00667732762199465,3.185582385822658e-11,1.7071585888910634,0,0.0,9,2021,Fall
2021-12-04,18.0,0.0,8.0,6575,15789.429272849584,135.43351782000386,8.07812761579176,1.330406942867116,6.347031571752721e-09,340.13841581693157,4866509,115.8692619047619,12,2021,Winter
2022-01-17,15.0,-5.0,6.0,10627,25520.040286322816,218.89764165371577,13.056465729736734,2.15030183754355,1.0258540610344665e-08,549.7567977013737,58247000,1386.8333333333333,1,2022,Winter
2022-03-13,23.0,0.0,13.0,11372,27309.108698227446,234.2433406310394,13.971782090765611,2.3010475671916106,1.0977709967144021e-08,588.2971961475507,0,0.0,3,2022,Spring
2013-06-11,37.0,18.0,28.0,14438,34671.905679300726,297.3975863551659,17.738708215483108,2.9214320062532955,1.3937405601971983e-08,746.9077486790659,8662801,206.25716666666668,6,2013,Summer
2013-09-04,36.0,17.0,28.0,1115,2677.5990325820967,22.967052831833357,1.3699030101304657,0.22561273631891013,1.076340715209777e-09,57.681267473137446,356144,8.479619047619048,9,2013,Fall
2013-12-17,17.0,-2.0,5.0,23200,55713.27135058712,477.8794849314205,28.5038115112348,4.694363661523512,2.2395609500328993e-08,1200.1842200688689,6960000,165.71428571428572,12,2013,Winter
2014-01-28,15.0,-3.0,5.0,28082,67437.07267530981,578.4401593036272,34.50189805424551,5.682203463056174,2.710834077535512e-08,1452.7402270678438,8424600,200.5857142857143,1,2014,Winter
2014-03-03,22.0,0.0,13.0,24472,58767.89553842966,504.0804635880053,30.066606694092158,4.951744289862214,2.3623506710864273e-08,1265.9874238588518,7341600,174.8,3,2014,Spring
2014-04-16,30.0,-2.0,18.0,9812,23562.87148672245,202.11006492013354,12.055146489148099,1.9853920796064093,9.471798293846038e-09,507.5951537636095,3537895,84.23559523809524,4,2014,Spring
2014-05-19,33.0,14.0,25.0,3286,7891.112485259883,67.68586152951067,4.037220889048171,0.664899956541649,3.172067793882805e-09,169.99160979078894,1322615,31.490833333333335,5,2014,Spring
2014-09-09,36.0,17.0,28.0,644,1546.5235668007804,13.265275357579085,0.7912264919497937,0.13030906025953196,6.216712292332704e-10,33.31545852260136,259210,6.171666666666667,9,2014,Fall
2014-10-08,32.0,0.0,18.0,613,1472.0791093926684,12.626729494093137,0.7531395024304713,0.12403641916008243,5.917460613664514e-10,31.711764090612785,246733,5.874595238095238,10,2014,Fall
2014-11-10,17.0,1.0,10.0,4146,9956.34581980751,85.40035967783058,5.093827695068081,0.8389151612360551,4.002249870188103e-09,214.48119725885905,3337530,79.465,11,2014,Fall
2014-12-09,16.0,1.0,7.0,17117,41105.347659827574,352.58030791254845,21.030161277491644,3.4635096032024975,1.652351930246256e-08,885.4979868499495,13779185,328.0758333333333,12,2014,Winter
2015-01-13,16.0,-2.0,-7.0,15679,37652.08540973515,322.96001914826473,19.26341640882114,3.172539993492549,1.5135377644640444e-08,811.1072580370601,12621595,300.51416666666665,1,2015,Winter
2015-04-05,31.0,7.0,19.0,15568,37385.52622353191,320.6736129919118,19.127040414090665,3.150079891491294,1.5028226237117318e-08,805.364997328972,12532240,298.38666666666666,4,2015,Spring
2015-06-06,41.0,19.0,32.0,81020,194564.1915872659,1668.870511601021,99.54219002759672,16.393851028303228,7.821087421192479e-08,4191.332996119817,68097310,1621.364523809524,6,2015,Summer
2015-07-22,40.0,18.0,32.0,1006,2415.842714598735,20.721843182802115,1.2359842405302677,0.20355732084020053,9.711199636780589e-10,52.04247092195182,931254,22.172714285714285,7,2015,Summer
2015-08-24,39.0,20.0,31.0,723,1736.2368614859695,14.892537396785217,0.8882868845958087,0.1462941779000646,6.979321408938733e-10,37.40229272024966,669281,15.935261904761905,8,2015,Summer
2015-10-05,32.0,7.0,21.0,1356,3256.34465307742,27.931231964095094,1.6659986383290686,0.27437746228559834,1.3089847621744015e-09,70.14869837988734,1255249,29.886880952380952,10,2015,Fall
2015-12-14,16.0,-1.0,5.0,21038,50521.37080489879,433.3460605166907,25.84755114540335,4.256897530652226,2.0308570373617298e-08,1088.3394664572786,19478212,463.7669523809524,12,2015,Winter
2016-01-16,17.0,-4.0,7.0,17343,41648.07176867381,357.23551323989767,21.307827717213154,3.5092391802500975,1.6741683429491626e-08,897.1894365799308,16059618,382.37185714285715,1,2016,Winter
2016-02-21,24.0,-5.0,10.0,18644,44772.337545704584,384.0338412526467,22.906252664459554,3.7724877631657043,1.7997575151902316e-08,964.4928706449996,17264344,411.0558095238095,2,2016,Winter
2016-04-10,32.0,3.0,18.0,11965,28733.159125421334,246.4581050519158,14.700349341893293,2.421037121126242,1.1550149468596396e-08,618.9743186691386,11079590,263.7997619047619,4,2016,Spring
2016-05-07,35.0,14.0,25.0,4278,10273.33512231947,88.11932916106107,5.256004553666487,0.8656244717240337,4.12967316562101e-09,221.30983161442333,3961428,94.31971428571428,5,2016,Spring
2016-06-21,40.0,17.0,29.0,4065,9761.829656902442,83.73190113130278,4.994310077291788,0.8225253570729774,3.924058302536093e-09,210.29089890430828,3764190,89.62357142857142,6,2016,Summer
2016-08-08,38.0,22.0,30.0,1556,3736.6314750652396,32.05088269626251,1.911721151356955,0.31484611454011135,1.5020503613151687e-09,80.49511407013621,1440856,34.30609523809524,8,2016,Summer
2016-09-24,38.0,14.0,27.0,1273,3057.0256219524745,26.221576910245616,1.5640237954224958,0.25758297159997545,1.228862538530983e-09,65.85493586843405,1178798,28.06661904761905,9,2016,Fall
2016-11-06,25.0,-7.0,10.0,1469,3527.706707500538,30.258834627769687,1.8048318581898244,0.2972422508093982,1.418066825688935e-09,75.99442324487795,1360294,32.38795238095238,11,2016,Fall
2016-12-24,17.0,-1.0,6.0,19747,47421.11936896741,406.75371504055005,24.261412323808347,3.995672380349344,1.9062331931163646e-08,1021.5533531767221,18285722,435.3743333333333,12,2016,Winter
2017-01-30,15.0,-3.0,5.0,19598,47063.305686586486,403.6845752450853,24.078349051602572,3.9655232344197318,1.8918498059803776e-08,1013.8452734874868,18147748,432.0892380952381,1,2017,Winter
2017-03-11,21.0,1.0,11.0,22277,53496.74766711333,458.8672968024679,27.369802113611108,4.507600831368934,2.1504611760294353e-08,1152.4355116583704,20628502,491.15480952380955,3,2017,Spring
2017-05-07,35.0,13.0,25.0,11590,27832.62133419417,238.73375992910186,14.239619629966008,2.34515839814903,1.1188151470207458e-08,599.574789249922,10732340,255.53190476190477,5,2017,Spring
2017-06-21,39.0,18.0,30.0,1075,2581.5416681845327,22.143122685399874,1.3207585075248884,0.21751900586800754,1.0377275953816235e-09,55.611984335087676,995450,23.701190476190476,6,2017,Summer
2017-08-20,38.0,21.0,30.0,638,1532.114962141146,13.141685835614064,0.7838548165589571,0.12909500069189656,6.158792612590473e-10,33.00506605189389,590788,14.066380952380952,8,2017,Summer
2017-09-18,37.0,14.0,27.0,302,725.2331012016082,6.220672605572801,0.3710409946721082,0.06110766490431467,2.915290547025584e-10,15.623087692275794,279652,6.658380952380952,9,2017,Fall
2017-11-05,24.0,2.0,14.0,2008,4822.079692757713,41.36129335096088,2.4670540307999778,0.4063052686353108,1.9383786153733023e-09,103.87801353009866,1859408,44.27161904761905,11,2017,Fall
2017-12-24,20.0,0.0,8.0,18163,43617.24773882388,374.12608124178405,22.315290020627486,3.6751606544936006,1.753325238596877e-08,939.6097409099511,16818938,400.4509047619048,12,2017,Winter
2018-02-04,16.0,-3.0,8.0,11658,27995.918853670028,240.1344411780388,14.323165284395488,2.3589177399155643,1.1253793773915319e-08,603.0925705846066,10795308,257.03114285714287,2,2018,Winter
2018-03-17,29.0,4.0,17.0,25025,60095.88860122598,515.4712978624482,30.746029442614265,5.063640113345943,2.4157333092488493e-08,1294.5952632423898,23173150,551.7416666666667,3,2018,Spring
2018-05-09,33.0,10.0,21.0,4912,11795.844348020859,101.17862198203179,6.034944919964886,0.99391009937084,4.741691114897242e-09,254.10796935251224,4548512,108.29790476190476,5,2018,Spring
2018-06-23,39.0,17.0,29.0,1221,2932.151048235641,25.150467719882087,1.5001359420352454,0.24706112201380204,1.1786654827543836e-09,63.164867788969346,1130646,26.920142857142856,6,2018,Summer
2018-08-09,39.0,20.0,32.0,481,1155.089806880707,9.90776001086264,0.5909626438320664,0.09732710867210384,4.6432276593354505e-10,24.88312973504853,512217,12.195642857142857,8,2018,Summer
2018-09-30,38.0,17.0,27.0,282,677.2044190028263,5.80870753235606,0.3464687433693196,0.05706079967886337,2.722224947884817e-10,14.588446123250906,300302,7.150047619047619,9,2018,Fall
2018-11-19,18.0,5.0,11.0,6827,16394.590668554236,140.62427774253482,8.387737982206897,1.3813974447078023,6.590294226670087e-09,353.17489958664515,6778460,161.39190476190475,11,2018,Fall
2019-01-02,15.0,-2.0,6.0,12028,28884.449474347497,247.75579503254852,14.777751933497077,2.4337847465864137,1.1610965132325738e-08,622.2334396115671,11539787,274.75683333333336,1,2019,Winter
2019-02-16,14.0,-1.0,7.0,10658,25594.48474373093,219.5361875172017,13.094552719256058,2.1565744786429994,1.0288465778211482e-08,551.3604921333623,10280300,244.76904761904763,2,2019,Winter
2019-04-09,25.0,2.0,15.0,15605,37474.37928559966,321.4357483773628,19.172499079000822,3.157566592158379,1.5063943372958358e-08,807.2790842316681,14925154,355.3608095238095,4,2019,Spring
2019-05-25,34.0,12.0,24.0,1249,2999.391203313936,25.727218822385527,1.5345370938591496,0.25272673332943385,1.205694666634091e-09,64.61336598560419,1330060,31.668095238095237,5,2019,Spring
2019-07-15,41.0,18.0,33.0,0,0.0,0.0,0.0,0.0,0.0,0.0,0,0.0,7,2019,Summer
2019-09-04,36.0,16.0,27.0,1664,3995.9863589386628,34.27549409163292,2.0444113083920135,0.3366991867575484,1.606305784851183e-09,86.0821785428706,1771994,42.190333333333335,9,2019,Fall
2019-10-26,30.0,10.0,20.0,1563,3753.4415138348136,32.19507047188837,1.9203214393129309,0.31626251736901934,1.5088076572850954e-09,80.85723861929492,1664439,39.6295,10,2019,Fall
2019-12-21,16.0,2.0,8.0,31309,75186.50054808329,644.9107238671485,38.46663080195045,6.335165167182742,3.02234542174914e-08,1619.6796442300092,29503590,702.4664285714285,12,2019,Winter
2020-03-09,22.0,1.0,13.0,53255,127888.37352480678,1096.9599987078793,65.4297621565004,10.775790379070457,5.140854241120778e-08,2754.9918379210176,50035649,1191.3249761904763,3,2020,Spring
2020-04-27,26.0,2.0,15.0,7595,18238.892064987467,156.4437365540577,9.331312432233979,1.5367970693651323,7.331666127370633e-09,392.9051358372008,7480495,178.1070238095238,4,2020,Spring
2020-09-13,36.0,15.0,26.0,224,537.9212406263584,4.614008820027508,0.2752092145912326,0.04532489052505459,2.1623347103765924e-10,11.587985573078734,238538,5.679476190476191,9,2020,Fall
2020-11-04,25.0,4.0,11.0,428,1027.8137990539349,8.816052566838275,0.5258461778796766,0.08660291582465789,4.1316038216124177e-10,22.14132957713258,455777,10.851833333333333,11,2020,Fall
2021-04-03,32.0,8.0,22.0,24039,57728.07456882603,495.1614197528628,29.534617453386787,4.864129657731193,2.320551968872451e-08,1243.587433889463,22817236,543.2675238095238,4,2021,Spring
2021-05-16,37.0,13.0,25.0,4164,9999.571633786412,85.77112824372564,5.115942721240591,0.8425573399389613,4.0196257741107726e-09,215.41237467098148,4248589,101.15688095238096,5,2021,Spring
2021-06-23,39.0,22.0,32.0,359,862.114845468137,7.394773064240516,0.44107191088505576,0.07264123079685089,3.4655275045767707e-10,18.571816163996722,0,0.0,6,2021,Summer
2021-09-26,38.0,17.0,28.0,1898,4557.921940664412,39.095485448268796,2.3319066486346403,0.38404750989532865,1.8321925358458806e-09,98.18748490046177,0,0.0,9,2021,Fall
2021-11-15,24.0,2.0,11.0,7192,17271.11411868201,148.14264032874036,8.83618156848279,1.4552527350722886,6.942638945101988e-09,372.0571082213493,5977817,142.3289761904762,11,2021,Fall
2021-12-27,18.0,0.0,8.0,28826,69223.7396531045,593.76526002729,35.415985802709244,5.832746849442963,2.7826544804158772e-08,1491.2288934355695,27076468,644.6778095238095,12,2021,Winter
2022-02-22,19.0,0.0,9.0,45172,108477.58161416903,930.464314367333,55.49888679247838,9.140249798204312,4.360579622193368e-08,2336.84144779961,42349862,1008.3300476190476,2,2022,Winter
2022-04-14,30.0,8.0,21.0,792,1901.9358150717674,16.313816899382974,0.9730611515904295,0.16025586292787158,7.64539772597438e-10,40.97180613338552,0,0.0,4,2022,Spring
2013-07-09,42.0,19.0,32.0,32443,77909.72682875422,668.2691435185377,39.859877450818566,6.564622425465831,3.131813616461955e-08,1678.3438211937205,19465800,463.4714285714286,7,2013,Summer
2013-08-21,38.0,20.0,30.0,13071,31389.14525101398,269.2397736008016,16.059194838937504,2.644828768093699,1.261780223184484e-08,676.1899974362149,9149700,217.85,8,2013,Summer
2013-10-02,32.0,8.0,19.0,11719,28142.406334376315,241.39093465134985,14.398110650868993,2.371260678853191,1.1312678781653253e-08,606.2482273701326,8203300,195.31666666666666,10,2013,Fall
2013-10-29,32.0,8.0,19.0,4510,10830.467835825342,92.89812401037528,5.541042668778834,0.9125681083392688,4.3536292606243e-09,233.31167381511202,3157000,75.16666666666667,10,2013,Fall
2013-12-10,17.0,-2.0,5.0,15174,36439.36118421591,312.557901049542,18.64296706342573,3.0703566465499037,1.4647887006810006e-08,784.9825584191817,10621800,252.9,12,2013,Winter
2014-01-16,15.0,-3.0,5.0,26893,64581.76751859222,553.9488357008919,33.04107771429472,5.441617325403095,2.596056578846326e-08,1391.2307857893143,18825100,448.21666666666664,1,2014,Winter
2014-04-08,30.0,-2.0,18.0,9962,23923.086603213316,205.19980296925908,12.239438373919013,2.0157435687972938,9.616597493201613e-09,515.3549655312962,7401314,176.2217619047619,4,2014,Spring
2014-05-07,33.0,14.0,25.0,4094,9831.471246090676,84.32925048746705,5.029939841680831,0.8283933116498817,3.9520528144115045e-09,211.79112917939437,3295670,78.46833333333333,5,2014,Spring
2014-06-12,40.0,14.0,30.0,4312,10354.9838820574,88.81966978552953,5.297777380881227,0.8725041426073009,4.1624943174749406e-09,223.06872228176562,3471160,82.64666666666666,6,2014,Summer
2014-08-24,41.0,22.0,32.0,24957,59932.59108175012,514.0706166135112,30.662483788184783,5.049880771579408,2.409169078878063e-08,1291.0774819077053,20090385,478.3425,8,2014,Summer
2014-09-25,36.0,17.0,28.0,17872,42918.4304128316,368.13198942648046,21.957763764171915,3.616278765463284,1.7252341939218955e-08,924.555706080639,14386960,342.5466666666667,9,2014,Fall
2014-10-28,32.0,0.0,18.0,4640,11142.654270117424,95.57589698628409,5.700762302246961,0.9388727323047023,4.479121900065799e-09,240.0368440137738,3735200,88.93333333333334,10,2014,Fall
2014-12-02,16.0,1.0,7.0,18770,45074.91824355691,386.62922121391216,23.061057847667122,3.7979830140860478,1.8119206479361e-08,971.0111125298564,15109850,359.7583333333333,12,2014,Winter
2015-01-01,16.0,-2.0,-7.0,18295,43934.23704133584,376.8450507250146,22.477466879225894,3.7018699649815794,1.7660675681401677e-08,946.4383752655153,14727475,350.65416666666664,1,2015,Winter
2015-03-09,22.0,-1.0,11.0,16326,39205.813278865746,336.28708926682634,20.058328738466354,3.3034560835358984,1.5759944857860823e-08,844.5779127950152,13142430,312.915,3,2015,Spring
2015-04-20,31.0,7.0,19.0,12972,31151.403274130007,267.20054648837873,15.9375621949887,2.624796785227715,1.252223476027016e-08,671.0685216695417,10442460,248.63,4,2015,Spring
2015-05-27,35.0,14.0,25.0,15126,36324.09234693883,311.5691848738218,18.583993660299036,3.0606441700088203,1.4601551263016222e-08,782.499418653522,12176430,289.915,5,2015,Spring
2015-06-29,41.0,19.0,32.0,16563,39774.953162921316,341.16887538444473,20.349509916404397,3.3514114364574965,1.5988727592842635e-08,856.8384153879601,15332369,365.0564047619048,6,2015,Summer
2015-08-10,39.0,20.0,31.0,14990,35997.49730798711,308.76782237594796,18.416902351440072,3.0331254864757513,1.44702666556005e-08,775.4638559841528,13876243,330.3867380952381,8,2015,Summer
2015-09-20,34.0,16.0,26.0,18161,43612.444870604,374.0848847344624,22.312832795497208,3.6747559679710555,1.7531321729977364e-08,939.5062767530486,16811638,400.2770952380952,9,2015,Fall
2015-11-01,18.0,4.0,11.0,8410,20196.06086458783,173.23131328763992,10.332631672822616,1.7017068273022729,8.11840844386926e-09,435.06677977496497,7785137,185.36040476190476,11,2015,Fall
2015-12-22,16.0,-1.0,5.0,30908,74223.52546999771,636.6508241491528,37.97395716332954,6.254025519412443,2.983635769121416e-08,1598.9350807710603,28619717,681.4218333333333,12,2015,Winter
2016-01-06,17.0,-4.0,7.0,7106,17064.590785227247,146.37119051390837,8.730520887880798,1.437851214602848,6.859620737471458e-09,367.60814947454236,6580156,156.67038095238095,1,2016,Winter
2016-02-08,24.0,-5.0,10.0,20591,49447.929757756014,424.13864113029655,25.298361328786026,4.166450092863389,1.9877068759537685e-08,1065.2152273895724,19067266,453.9825238095238,2,2016,Winter
2016-03-12,23.0,2.0,14.0,16983,40783.555489095736,349.8201419219963,20.865527193762958,3.436395606191974,1.6394165351038244e-08,878.5658883374828,15726258,374.4347142857143,3,2016,Spring
2016-04-23,32.0,3.0,18.0,15548,37337.49754133313,320.2616479186951,19.102468162787876,3.146033026265843,1.500891967720324e-08,804.3303557599471,14397448,342.79638095238096,4,2016,Spring
2016-06-06,40.0,17.0,29.0,10786,25901.868309803132,222.17276398578886,13.251815127593904,2.1824744160858875,1.0412027761661575e-08,557.9821981751215,9987836,237.80561904761905,6,2016,Summer
2016-09-06,38.0,14.0,27.0,21414,51424.31003023589,441.09100389316546,26.30950946989578,4.33297859689071,2.0671533700001942e-08,1107.7907279549465,19829364,472.12771428571426,9,2016,Fall
2016-10-23,30.0,11.0,19.0,8944,21478.426679295313,184.23078074252695,10.988710782607072,1.8097581288218227,8.633893593575108e-09,462.69170966792944,8282144,197.19390476190478,10,2016,Fall
2016-12-10,17.0,-1.0,6.0,20951,50312.446037334084,431.55401244819785,25.740661852236222,4.239293666921513,2.0224586837991067e-08,1083.8387756320203,19400626,461.91966666666667,12,2016,Winter
2017-02-28,18.0,-5.0,5.0,8661,20798.820826182546,178.40147495651004,10.641013426672613,1.7524949858816867,8.360705770790923e-09,448.0515314662273,8020086,190.95442857142856,2,2017,Winter
2017-04-24,29.0,4.0,18.0,11700,28096.77908628747,240.99956783179397,14.374767012131345,2.367416156889012,1.129433754973488e-08,605.2653178795589,10834200,257.95714285714286,4,2017,Spring
2017-06-08,39.0,18.0,30.0,3115,7480.467252460297,64.16356015350753,3.8271281404093282,0.6302992588640405,3.006996706617449e-09,161.14542437562613,2884490,68.67833333333333,6,2017,Summer
2017-07-25,41.0,17.0,32.0,2531,6078.029732255863,52.13418001557868,3.1096184023679,0.5121307942808624,2.4432451571264086e-09,130.93389056009946,2343706,55.80252380952381,7,2017,Summer
2017-09-05,37.0,14.0,27.0,2330,5595.341476158103,47.99393102975042,2.8626672767748746,0.47145979876507677,2.2492142299899377e-09,120.53574279139933,2157580,51.37095238095238,9,2017,Fall
2017-10-22,29.0,10.0,20.0,2492,5984.373801968238,51.33084812280603,3.0617025123274626,0.5042394070912324,2.405597365293959e-09,128.91633950050092,2307592,54.94266666666667,10,2017,Fall
2017-12-10,20.0,0.0,8.0,8666,20810.82799673224,178.50446622481422,10.647156489498311,1.7535067021880495,8.365532410769442e-09,448.3101918584835,8024716,191.06466666666665,12,2017,Winter
2018-01-16,16.0,-8.0,6.0,10613,25486.42020878367,218.60926610246403,13.039265153824783,2.1474690318857337,1.024502601840481e-08,549.0325486030563,9827638,233.99138095238095,1,2018,Winter
2018-02-27,16.0,-3.0,8.0,12103,29064.55703259293,249.3006640571113,14.869897875882534,2.448960491181856,1.1683364732003525e-08,626.1133454954104,11207378,266.84233333333333,2,2018,Winter
2018-04-28,26.0,3.0,17.0,8207,19708.569740270195,169.04986779449,10.083223322099311,1.6606311452639422,7.922446860741381e-09,424.56516784936235,7599682,180.9448095238095,4,2018,Spring
2018-06-09,39.0,17.0,29.0,3653,8772.438803607532,75.24542062303789,4.488121700454342,0.7391599334286805,3.5263431683061127e-09,188.97728258239562,3382678,80.53995238095239,6,2018,Summer
2018-07-25,41.0,25.0,34.0,3171,7614.947562616887,65.31706235851442,3.8959304440571363,0.6416304814953041,3.0610550743768636e-09,164.04242076889582,2936346,69.913,7,2018,Summer
2018-09-12,38.0,17.0,27.0,3796,9115.843881328825,78.19097089653759,4.6638132972692805,0.7680950197906573,3.664385071691761e-09,196.37496980092354,4042360,96.24666666666667,9,2018,Fall
2018-11-01,18.0,5.0,11.0,34084,81850.48020316429,702.0708777759714,41.87603067021237,6.89666771721411,3.2902239405569545e-08,1763.2361619322123,32292436,768.8675238095238,11,2018,Fall
2018-12-19,17.0,1.0,9.0,8842,21233.480400081524,182.12975886912156,10.86339230096285,1.789119116172021,8.535430138013316e-09,457.4150376659025,8889118,211.64566666666667,12,2018,Winter
2019-01-29,15.0,-2.0,6.0,12784,30699.933661461455,263.32807480014134,15.706583032742488,2.5867562521084726,1.2340753097077837e-08,661.3428909207078,12437119,296.12188095238093,1,2019,Winter
2019-03-09,19.0,1.0,11.0,11231,26970.506488726034,231.33898686486137,13.79854771908095,2.2725171673521793,1.084159871974978e-08,581.0029730859253,10969815,261.18607142857144,3,2019,Spring
2019-05-07,34.0,12.0,24.0,10472,25147.817999282255,215.70491233628601,12.866030782140124,2.1189386320463024,1.010891477101057e-08,541.7383255414309,10559241,251.4105,5,2019,Spring
2019-07-02,41.0,18.0,33.0,3462,8313.764888609165,71.31115417381801,4.253456700512711,0.7005123705256205,3.3419655211266796e-09,179.09645559820794,3686684,87.77819047619047,7,2019,Summer
2019-08-19,40.0,22.0,31.0,3041,7302.761128324803,62.63928938260559,3.73621081058901,0.6153258575298706,2.935562434935365e-09,157.31725057023405,3238361,77.10383333333333,8,2019,Summer
2019-10-09,30.0,10.0,20.0,3303,7931.936865128848,68.03603184174492,4.058107302655541,0.6683397919832826,3.18847836980977e-09,170.87105512446007,3517365,83.74678571428572,10,2019,Fall
2019-11-30,20.0,1.0,9.0,10763,25846.635325274536,221.6990041515896,13.223557038595697,2.177820521076619,1.0389825217760386e-08,556.7923603707429,10726416,255.39085714285713,11,2019,Fall
2020-01-13,12.0,-2.0,4.0,13980,33572.04885694862,287.9635861785025,17.176003660649247,2.828758792590461,1.3495285379939625e-08,723.214456748396,13588454,323.53461904761906,1,2020,Winter
2020-02-19,18.0,-7.0,7.0,14835,35625.27502094655,305.57509305851823,18.22646740384346,3.001762280978504,1.4320640816266405e-08,767.4453838242099,14277893,339.94983333333334,2,2020,Winter
2020-04-12,26.0,2.0,15.0,11737,28185.632148355216,241.76170321724493,14.420225677041504,2.3749028575560973,1.1330054685575921e-08,607.1794047822549,11642953,277.21316666666667,4,2020,Spring
2020-06-30,39.0,16.0,30.0,151,362.6165506008041,3.1103363027864006,0.1855204973360541,0.030553832452157335,1.457645273512792e-10,7.811543846137897,160800,3.8285714285714287,6,2020,Summer
2020-08-18,39.0,17.0,29.0,1850,4442.653103387335,38.10676927254862,2.272933245507948,0.3743350333542455,1.7858567920520964e-09,95.70434513480204,1970065,46.906309523809526,8,2020,Summer
2020-10-06,30.0,9.0,18.0,1599,3839.893141792621,32.93660760367851,1.9645514916579505,0.3235468747748317,1.5435594651304335e-09,82.71959344353971,1702775,40.54226190476191,10,2020,Fall
2021-04-24,32.0,8.0,22.0,9999,24011.93966528106,205.96193835471007,12.284897038829172,2.0232302694643787,9.652314629042656e-09,517.2690524339922,10121243,240.9819761904762,4,2021,Spring
2021-06-01,39.0,22.0,32.0,2330,5595.341476158103,47.99393102975042,2.8626672767748746,0.47145979876507677,2.2492142299899377e-09,120.53574279139933,2481217,59.07659523809524,6,2021,Summer
2021-07-18,41.0,21.0,32.0,2355,5655.377328906581,48.50888737127135,2.8933825909033604,0.4765183802968909,2.2733474298825335e-09,121.82904475268045,2507840,59.71047619047619,7,2021,Summer
2021-09-07,38.0,17.0,28.0,2249,5400.825313253036,46.32547248322262,2.7631496589985804,0.455069994601999,2.171022662337927e-09,116.34544443684854,2394960,57.02285714285714,9,2021,Fall
2021-10-23,29.0,10.0,18.0,2379,5713.011747545119,49.003245459131435,2.922869292466707,0.48137461856743247,2.2965153017794256e-09,123.07061463551031,2533397,60.31897619047619,10,2021,Fall
2021-12-07,18.0,0.0,8.0,10065,24170.43431653704,207.3214230963253,12.365985468128375,2.036584924708368,9.716026276759108e-09,520.6833696117743,9977777,237.56611904761905,12,2021,Winter
2022-01-22,15.0,-5.0,6.0,12315,29573.661063900017,253.66749383320877,15.130363739692095,2.4918572625716395,1.1888014267092738e-08,637.0805461270742,12075890,287.5211904761905,1,2022,Winter
2013-03-06,24.0,-3.0,14.0,1789,4296.16562268105,36.85027579923756,2.1979878790344425,0.36199209441661906,1.7269717843141625e-09,92.54868834927613,875097,20.835642857142858,3,2013,Spring
2013-04-22,27.0,7.0,18.0,1010,2425.448451038491,20.804236197445462,1.2408986907908255,0.2043666938852908,9.749812756608742e-10,52.24939923575679,302998,7.214238095238096,4,2013,Spring
2013-05-18,33.0,13.0,22.0,195,468.2796514381245,4.016659463863233,0.23957945020218907,0.0394569359481502,1.88238959162248e-10,10.087755297992647,58500,1.3928571428571428,5,2013,Spring
2013-07-04,42.0,19.0,32.0,343,823.6918997091113,7.065201005667122,0.4214141098428249,0.06940373861648984,3.311075025264157e-10,17.74410290877681,253731,6.041214285714286,7,2013,Summer
2013-08-14,38.0,20.0,30.0,258,619.5700003642878,5.314349444495969,0.3169820418059732,0.05220456140832181,2.490546228915897e-10,13.346876240421041,196489,4.678309523809524,8,2013,Summer
2013-09-09,36.0,17.0,28.0,136,326.59503895171764,2.8013624978738445,0.16709130885896264,0.02751868353306886,1.3128460741572168e-10,7.035562669369232,99754,2.375095238095238,9,2013,Fall
2013-10-20,32.0,8.0,19.0,257,617.1685662543488,5.293751190835132,0.3157534292408338,0.052002218147049244,2.480892948958858e-10,13.295144161969798,194805,4.638214285714286,10,2013,Fall
2013-11-23,21.0,3.0,12.0,909,2182.903605934642,18.723812577700915,1.116808821711743,0.1839300244967617,8.774831480947869e-10,47.024459312181115,369097,8.788023809523809,11,2013,Fall
2014-02-16,17.0,-7.0,5.0,4367,10487.06275810405,89.95257373687558,5.365351071963896,0.883633021977292,4.215587357238651e-09,225.91398659658407,2145295,51.07845238095238,2,2014,Winter
2014-03-11,22.0,0.0,13.0,855,2053.2261639979306,17.611506880015714,1.0504637431942137,0.1730034883880432,8.253554363267797e-10,44.230927075813916,314636,7.491333333333333,3,2014,Spring
2014-04-26,30.0,-2.0,18.0,916,2199.7136447042158,18.868000353326774,1.125409109667719,0.18534642732566967,8.842404440647137e-10,47.38658386133982,470427,11.200642857142856,4,2014,Spring
2014-06-03,40.0,14.0,30.0,273,655.5915120133743,5.623323249408526,0.3354112302830647,0.055239710327410284,2.635345428271472e-10,14.122857417189707,278120,6.621904761904762,6,2014,Summer
2014-07-14,42.0,20.0,32.0,245,588.3513569350795,5.0465721469050875,0.3010100784591606,0.049574099011778464,2.365053589474398e-10,12.674359220554866,243586,5.799666666666667,7,2014,Summer
2014-08-13,41.0,22.0,32.0,165,396.2366281399515,3.39871185403812,0.20272107324800615,0.03338663810997325,1.5927911929113292e-10,8.535792944455318,161970,3.8564285714285713,8,2014,Summer
2014-09-17,36.0,17.0,28.0,211,506.7025971971501,4.346231522436626,0.25923725124442,0.04269442812851124,2.0368420709350938e-10,10.915468553212557,210055,5.001309523809524,9,2014,Fall
2014-10-16,32.0,0.0,18.0,203,487.49112431763734,4.181445493149929,0.24940835072330453,0.04107568203833072,1.959615831278787e-10,10.501611925602603,205494,4.892714285714286,10,2014,Fall
2014-12-20,16.0,1.0,7.0,1292,3102.6528700413173,26.612943729801522,1.5873674341601451,0.2614274935641542,1.247203770449356e-09,66.8378453590077,701279,16.697119047619047,12,2014,Winter
2015-02-25,17.0,-3.0,8.0,3488,8376.20217546758,71.84670876899978,4.285400627206336,0.7057732953187072,3.3670640490149795e-09,180.4414896379403,2216898,52.78328571428571,2,2015,Winter
2015-04-07,31.0,7.0,19.0,1658,3981.577754279028,34.1519045696679,2.037039633001177,0.335485127189913,1.6005138168769599e-09,85.77178607216312,891961,21.237166666666667,4,2015,Spring
2015-05-18,35.0,14.0,25.0,394,946.1650393160054,8.115711942369813,0.4840733506649359,0.07972324494139067,3.8033923030731133e-10,20.382438909790274,418565,9.965833333333334,5,2015,Spring
2015-06-17,41.0,19.0,32.0,236,566.7384499456276,4.861187863957554,0.28995256537290576,0.04775300966032538,2.2781740698610528e-10,12.208770514493667,268413,6.390785714285714,6,2015,Summer
2015-07-23,40.0,18.0,32.0,261,626.7743026941051,5.3761442054784805,0.32066787950139153,0.052811591192139504,2.519506068787012e-10,13.502072475774774,306110,7.288333333333333,7,2015,Summer
2015-09-09,34.0,16.0,26.0,362,869.3191477979542,7.4565678252230265,0.44475774858047407,0.07324826058066858,3.494487344447886e-10,18.727012399350453,426501,10.154785714285714,9,2015,Fall
2015-10-19,32.0,7.0,21.0,315,756.4517446308165,6.4884499031636835,0.3870129580189208,0.06373812730085802,3.040783186467083e-10,16.29560471214197,372032,8.857904761904761,10,2015,Fall
2015-11-17,18.0,4.0,11.0,823,1976.3802724798793,16.952362762868926,1.0111481411097518,0.1665285040273211,7.944649404642569e-10,42.5755005653741,935626,22.276809523809522,11,2015,Fall
2015-12-23,16.0,-1.0,5.0,1942,4663.585041501732,40.00180860934563,2.385965601500775,0.39295061339132153,1.8746669676568492e-09,100.46369635231652,1368682,32.587666666666664,12,2015,Winter
2016-01-26,17.0,-4.0,7.0,1826,4385.018684748797,37.612411184688526,2.2434465439446014,0.36947879508370396,1.7626889201552043e-09,94.46277525197218,1282569,30.537357142857143,1,2016,Winter
2016-04-11,32.0,3.0,18.0,2696,6474.2663603958135,55.5328918696168,3.3123394756159064,0.5455174323908356,2.6025242764175414e-09,139.46968350455475,1591615,37.89559523809524,4,2016,Spring
2016-05-21,35.0,14.0,25.0,445,1068.6381789228994,9.166222879072505,0.5467325914870469,0.0900427512662915,4.2957095808820697e-10,23.020774910803734,569982,13.571,5,2016,Spring
2016-07-10,40.0,20.0,32.0,255,612.3656980344705,5.252554683513458,0.3132962041105549,0.05159753162450411,2.4615863890447817e-10,13.191680005067308,284219,6.7671190476190475,7,2016,Summer
2016-08-24,38.0,22.0,30.0,210,504.301163087211,4.325633268775789,0.25800863867928053,0.04249208486723868,2.0271887909780553e-10,10.863736474761312,230236,5.481809523809524,8,2016,Summer
2016-10-06,30.0,11.0,19.0,230,552.329845285993,4.7375983419925305,0.28258088998206915,0.04653895009268998,2.2202543901188226e-10,11.8983780437862,282543,6.727214285714286,10,2016,Fall
2016-11-27,25.0,-7.0,10.0,1062,2550.3230247553242,21.87534538780899,1.304786544178076,0.2148885434714642,1.0251783314374736e-09,54.9394673152215,1460622,34.776714285714284,11,2016,Fall
2017-01-08,15.0,-3.0,5.0,2187,5251.936398436812,45.048380756250715,2.686975679959936,0.4425247124031,2.1111723266042893e-09,113.1380555728714,1696984,40.404380952380954,1,2017,Winter
2017-02-15,18.0,-5.0,5.0,2137,5131.864692939857,44.018468073208865,2.6255450517029644,0.43240754933947173,2.0629059268190974e-09,110.55145165030918,1775644,42.2772380952381,2,2017,Winter
2017-04-04,29.0,4.0,18.0,1451,3484.4808935216342,29.888066061874618,1.7827168320173146,0.293600072106492,1.400690921766266e-09,75.06324583275556,745496,17.749904761904762,4,2017,Spring
2017-05-21,35.0,13.0,25.0,540,1296.774419367114,11.123056976852029,0.6634507851752928,0.10926536108718518,5.212771176800713e-10,27.935322363671947,687991,16.380738095238094,5,2017,Spring
2017-07-09,41.0,17.0,32.0,345,828.4947679289895,7.106397512988796,0.42387133497310375,0.06980842513903497,3.330381585178234e-10,17.8475670656793,403215,9.600357142857144,7,2017,Summer
2017-08-20,38.0,21.0,30.0,378,907.7420935569799,7.78613988379642,0.464415549622705,0.07648575276102962,3.6489398237604996e-10,19.554725654570365,453490,10.797380952380953,8,2017,Summer
2017-10-09,29.0,10.0,20.0,496,1191.1113185297936,10.216733815775196,0.6093918323091578,0.10036225759119231,4.788026858691027e-10,25.659110911817198,610478,14.535190476190476,10,2017,Fall
2017-11-22,24.0,2.0,14.0,679,1630.5737606486489,13.986214235708385,0.8342279317296738,0.13739107440407172,6.554577090829046e-10,35.12608126839491,724290,17.245,11,2017,Fall
2018-01-04,16.0,-8.0,6.0,4427,10631.148804700397,91.1884689565258,5.439067825872262,0.8957736176536459,4.273507036980882e-09,229.01791130365874,7611514,181.2265238095238,1,2018,Winter
2018-02-15,16.0,-3.0,8.0,5591,13426.418108669508,115.16483621774017,6.869172851694559,1.1313011737749117,5.397148823980147e-09,289.23405062090717,13094121,311.7647857142857,2,2018,Winter
2018-04-09,26.0,3.0,17.0,2855,6856.09438387613,58.80801420168989,3.507688873473076,0.5776900109331735,2.7560114277344514e-09,147.69508397830262,2416705,57.540595238095236,4,2018,Spring
2018-05-21,33.0,10.0,21.0,1208,2900.9324048064327,24.882690422291205,1.4841639786884329,0.24443065961725868,1.1661162188102337e-09,62.492350769103176,1812000,43.142857142857146,5,2018,Spring
2018-07-03,41.0,25.0,34.0,432,1037.4195354936912,8.898445581481623,0.5307606281402343,0.08741228886974814,4.170216941440571e-10,22.348257890937557,535931,12.760261904761904,7,2018,Summer
2018-08-21,39.0,20.0,32.0,399,958.1722098657009,8.218703210673999,0.49021641349063305,0.08073496124775349,3.8516587028583054e-10,20.641099302046495,520692,12.397428571428572,8,2018,Summer
2018-10-15,32.0,9.0,19.0,445,1068.6381789228994,9.166222879072505,0.5467325914870469,0.0900427512662915,4.2957095808820697e-10,23.020774910803734,579973,13.808880952380953,10,2018,Fall
2018-12-04,17.0,1.0,9.0,3337,8013.585624866777,68.73637246621337,4.099880129870281,0.6752194628665499,3.2212995216637005e-09,172.62994579180238,4167860,99.23476190476191,12,2018,Winter
2019-01-21,15.0,-2.0,6.0,5189,12461.041596473991,106.88433824608366,6.375270600508508,1.0499591827433405,5.009086969707204e-09,268.43775508350694,4848853,115.44888095238095,1,2019,Winter
2019-02-27,14.0,-1.0,7.0,4162,9994.768765566534,85.72993173640397,5.113485496110313,0.8421526534164161,4.017695118119365e-09,215.30891051407897,3887805,92.56678571428571,2,2019,Winter
2019-04-22,25.0,2.0,15.0,3738,8976.560702952356,76.99627218420905,4.592553768491194,0.7563591106368485,3.6083960479409386e-09,193.37450925075137,3510706,83.5882380952381,4,2019,Spring
2019-06-12,40.0,16.0,30.0,818,1964.3731019301838,16.84937149456474,1.0050050782840547,0.1655167877209583,7.896383004857378e-10,42.316840173117875,804047,19.14397619047619,6,2019,Summer
2019-07-30,41.0,18.0,33.0,466,1119.0682952316206,9.598786205950084,0.5725334553549749,0.09429195975301535,4.4984284599798754e-10,24.107148558279867,475355,11.317976190476191,7,2019,Summer
2019-09-25,36.0,16.0,27.0,534,1282.3658147074796,10.999467454887006,0.6560791097844563,0.10805130151954978,5.154851497058483e-10,27.62492989296448,546543,13.01292857142857,9,2019,Fall
2019-11-17,20.0,1.0,9.0,1661,3988.7820566088453,34.21369933065041,2.040725470696595,0.3360921569737307,1.6034098008640715e-09,85.92698230751687,1586492,37.77361904761905,11,2019,Fall
2019-12-29,16.0,2.0,8.0,3797,9118.245315438764,78.21156915019843,4.66504190983442,0.7682973630519299,3.6653503996874648e-09,196.4267018793748,3554381,84.62811904761905,12,2019,Winter
2020-02-05,18.0,-7.0,7.0,4667,11207.49299108578,96.1320498351267,5.733934841505725,0.9443360003590615,4.505185755949802e-09,241.43361013195738,4356348,103.72257142857143,2,2020,Winter
2020-04-06,26.0,2.0,15.0,5295,12715.593612127535,109.06775313413239,6.505503532413288,1.0714075684382325,5.111411737251811e-09,273.92135539933884,4958882,118.06861904761905,4,2020,Spring
2020-06-14,39.0,16.0,30.0,1049,2519.104381326116,21.60756809021811,1.2888145808312632,0.21225808107492083,1.012629067493324e-09,54.26695029535532,1034393,24.62840476190476,6,2020,Summer
2020-08-01,39.0,17.0,29.0,323,775.6632175103293,6.6532359324503805,0.3968418585400363,0.06535687339103854,3.11800942612339e-10,16.709461339751925,342937,8.165166666666666,8,2020,Summer
2020-09-20,36.0,15.0,26.0,355,852.5091090283805,7.312380049597167,0.43615746062449806,0.07183185775176062,3.4269143847486174e-10,18.364887850191742,374396,8.914190476190477,9,2020,Fall
2020-11-08,25.0,4.0,11.0,942,2262.150931562632,19.40355494850854,1.1573530363613442,0.19060735211875637,9.093389719530134e-10,48.73161790107218,917044,21.834380952380954,11,2020,Fall
2021-05-20,37.0,13.0,25.0,4150,9965.951556247266,85.48275269247392,5.0987421453286395,0.8397245342811454,4.006111182170919e-09,214.68812557266403,3934232,93.67219047619048,5,2021,Spring
2021-06-30,39.0,22.0,32.0,323,775.6632175103293,6.6532359324503805,0.3968418585400363,0.06535687339103854,3.11800942612339e-10,16.709461339751925,336544,8.012952380952381,6,2021,Summer
2021-08-25,39.0,24.0,31.0,354,850.1076749184415,7.29178179593633,0.4349288480593586,0.07162951449048806,3.417261104791579e-10,18.3131557717405,376975,8.975595238095238,8,2021,Summer
2021-10-02,29.0,10.0,18.0,272,653.1900779034353,5.602724995747689,0.3341826177179253,0.05503736706613772,2.6256921483144336e-10,14.071125338738463,286578,6.823285714285714,10,2021,Fall
2021-11-21,24.0,2.0,11.0,2024,4860.502638516738,41.69086540953427,2.4867118318422086,0.40954276081567187,1.953823863304564e-09,104.70572678531856,1919890,45.711666666666666,11,2021,Fall
2022-01-04,15.0,-5.0,6.0,4782,11483.657913728777,98.50084900612296,5.87522528649676,0.9676054754054065,4.616198475455743e-09,247.38279915385047,4468318,106.3885238095238,1,2022,Winter
2022-02-28,19.0,0.0,9.0,5759,13829.859039139277,118.62534283276081,7.075579762637984,1.1652948416687026,5.559323927258391e-09,297.9250398007162,5383067,128.1682619047619,2,2022,Winter
2022-04-21,30.0,8.0,21.0,1676,4024.8035682579316,34.52267313556296,2.0591546591736867,0.3391273058928192,1.617889720799629e-09,86.70296348428553,1599469,38.08259523809524,4,2022,Spring
2013-03-05,24.0,-3.0,14.0,4616,11085.019851478886,95.08153889842401,5.6712756006836145,0.9340164940341608,4.455954028168907e-09,238.7952741309439,2769600,65.94285714285714,3,2013,Spring
2013-04-16,27.0,7.0,18.0,1925,4622.760661632768,39.6516382971114,2.365079187893405,0.3895107779496879,1.858256391729884e-09,99.58425101864538,1155000,27.5,4,2013,Spring
2013-05-20,33.0,13.0,22.0,346,830.8962020389287,7.1269957666496335,0.42509994753824315,0.07001076840030754,3.340034865135272e-10,17.899299144130545,207600,4.942857142857143,5,2013,Spring
2013-06-26,37.0,18.0,28.0,243,583.5484887152013,5.005375639583413,0.29855285332888176,0.04916941248923333,2.345747029560321e-10,12.570895063652376,145800,3.4714285714285715,6,2013,Summer
2013-09-04,36.0,17.0,28.0,439,1054.229574263265,9.042633357107484,0.5393609160962103,0.08882869169865609,4.2377899011398394e-10,22.710382440096268,131700,3.1357142857142857,9,2013,Fall
2013-10-12,32.0,8.0,19.0,279,670.000116673009,5.746912771373548,0.3427829056739013,0.05645376989504568,2.693265108013702e-10,14.433249887897173,83700,1.9928571428571429,10,2013,Fall
2013-11-20,21.0,3.0,12.0,2347,5636.165856027068,48.344101341984654,2.8835536903822447,0.4748996342067104,2.265624805916903e-09,121.41518812507049,704100,16.764285714285716,11,2013,Fall
2013-12-24,17.0,-2.0,5.0,6792,16310.540474706368,139.90333886440553,8.344736542427016,1.3743154305632626,6.556507746820453e-09,351.36427684085163,2037600,48.51428571428571,12,2013,Winter
2014-02-01,17.0,-7.0,5.0,7514,18044.3759020824,154.7752780075299,9.231794814457686,1.5204072652020546,7.253474559718623e-09,388.71483748265,2254200,53.67142857142857,2,2014,Winter
2014-03-03,22.0,0.0,13.0,6499,15606.920280494212,133.86805054178026,7.984753060841163,1.3150288550104008,6.273666644079229e-09,336.20677785463704,1949700,46.42142857142857,3,2014,Spring
2014-04-15,30.0,-2.0,18.0,2262,5432.043956682244,46.5932497808135,2.7791216223453934,0.45770045699854234,2.183571926282077e-09,117.01796145671472,813399,19.366642857142857,4,2014,Spring
2014-05-22,33.0,14.0,25.0,362,869.3191477979542,7.4565678252230265,0.44475774858047407,0.07324826058066858,3.494487344447886e-10,18.727012399350453,145705,3.4691666666666667,5,2014,Spring
2014-06-24,40.0,14.0,30.0,222,533.1183724064803,4.572812312705834,0.2727519894609537,0.04492020400250946,2.1430281504625157e-10,11.484521416176245,89355,2.1275,6,2014,Summer
2014-08-28,41.0,22.0,32.0,272,653.1900779034353,5.602724995747689,0.3341826177179253,0.05503736706613772,2.6256921483144336e-10,14.071125338738463,109480,2.6066666666666665,8,2014,Summer
2014-09-30,36.0,17.0,28.0,289,694.0144577724,5.952895307981919,0.3550690313252956,0.058477202507771324,2.7897979075840856e-10,14.950570672409617,116323,2.769595238095238,9,2014,Fall
2014-11-11,17.0,1.0,10.0,909,2182.903605934642,18.723812577700915,1.116808821711743,0.1839300244967617,8.774831480947869e-10,47.024459312181115,731745,17.4225,11,2014,Fall
2014-12-22,16.0,1.0,7.0,5901,14170.86268275063,121.55029485259966,7.250042746887783,1.1940275847694068,5.696400502648336e-09,305.2709949407929,4750305,113.1025,12,2014,Winter
2015-01-25,16.0,-2.0,-7.0,5370,12895.701170372968,110.61262215869517,6.597649474798745,1.0865833130336748,5.183811336929599e-09,277.80126128318216,4322850,102.925,1,2015,Winter
2015-04-09,31.0,7.0,19.0,6777,16274.518963057282,139.59436505949296,8.326307353949925,1.371280281644174,6.542027826884896e-09,350.5882956640829,5455485,129.8925,4,2015,Spring
2015-06-15,41.0,19.0,32.0,256,614.7671321444096,5.273152937174295,0.3145248166756944,0.05179987488577668,2.47123966900182e-10,13.243412083518553,220399,5.247595238095238,6,2015,Summer
2015-07-25,40.0,18.0,32.0,187,449.06817855861175,3.851873434576536,0.2297505496810736,0.03783818985796968,1.8051633519661731e-10,9.673898670382693,173106,4.121571428571428,7,2015,Summer
2015-08-29,39.0,20.0,31.0,156,374.6237211504996,3.213327571090586,0.19166356016175126,0.03156554875852016,1.505911673297984e-10,8.070204238394119,144409,3.4383095238095236,8,2015,Summer
2015-10-06,32.0,7.0,21.0,183,439.46244211885534,3.7694804199331875,0.2248360994205159,0.03702881681287942,1.7665502321380196e-10,9.466970356577717,169403,4.0334047619047615,10,2015,Fall
2015-11-12,18.0,4.0,11.0,1863,4473.871746816543,38.3745465701395,2.2889052088547603,0.37696549575078886,1.7984060559962463e-09,96.37686215466822,1724654,41.06319047619048,11,2015,Fall
2015-12-19,16.0,-1.0,5.0,6142,14749.608303245954,126.51447398486141,7.546138375086386,1.2427923107360952,5.92904454961296e-09,317.73842584754277,5687492,135.4164761904762,12,2015,Winter
2016-01-27,17.0,-4.0,7.0,6638,15940.719621775746,136.7312078006366,8.155530207395543,1.3431545683272874,6.407847235482062e-09,343.39753675936,6146788,146.35209523809525,1,2016,Winter
2016-03-03,23.0,2.0,14.0,5059,12148.855162181908,104.20656527017483,6.215550967040382,1.0236545587779071,4.8835943302657054e-09,261.71258488484517,4684634,111.53890476190476,3,2016,Spring
2016-04-16,32.0,3.0,18.0,1743,4185.699653623851,35.90275613083905,2.1414717010380286,0.35268430439808107,1.6825666965117859e-09,90.1690127405189,1614018,38.429,4,2016,Spring
2016-05-15,35.0,14.0,25.0,275,660.3943802332525,5.6645197567302,0.3378684554133436,0.05564439684995542,2.6546519881855487e-10,14.226321574092196,254650,6.063095238095238,5,2016,Spring
2016-06-26,40.0,17.0,29.0,230,552.329845285993,4.7375983419925305,0.28258088998206915,0.04653895009268998,2.2202543901188226e-10,11.8983780437862,212980,5.070952380952381,6,2016,Summer
2016-08-15,38.0,22.0,30.0,291,698.8173259922781,5.994091815303594,0.35752625645557445,0.05888188903031646,2.8091044674981625e-10,15.054034829312105,269466,6.415857142857143,8,2016,Summer
2016-09-27,38.0,14.0,27.0,239,573.942752275445,4.922982624940064,0.29363840306832406,0.04836003944414307,2.3071339097321677e-10,12.3639667498474,221314,5.269380952380953,9,2016,Fall
2016-11-08,25.0,-7.0,10.0,405,972.5808145253355,8.342292732639022,0.4975880888814696,0.08194902081538888,3.9095783826005356e-10,20.95149177275396,375030,8.929285714285715,11,2016,Fall
2016-12-27,17.0,-1.0,6.0,6795,16317.744777036185,139.96513362538803,8.348422380122434,1.3749224603470802,6.559403730807565e-09,351.5194730762054,6292170,149.81357142857144,12,2016,Winter
2017-02-09,18.0,-5.0,5.0,6465,15525.271520756281,133.16770991731178,7.942980233626423,1.3081491841271338,6.240845492225299e-09,334.4478871872947,5986590,142.53785714285715,2,2017,Winter
2017-07-05,41.0,17.0,32.0,5576,13390.396597020423,114.85586241282762,6.850743663217468,1.1282660248558232,5.3826689040445886e-09,288.45806944413846,5163376,122.93752380952381,7,2017,Summer
2017-10-18,29.0,10.0,20.0,0,0.0,0.0,0.0,0.0,0.0,0.0,0,0.0,10,2017,Fall
2017-11-11,24.0,2.0,14.0,226,542.7241088462366,4.655205327349182,0.27766643972151145,0.04572957704759972,2.181641270290669e-10,11.691449729981223,209276,4.9827619047619045,11,2017,Fall
2017-12-30,20.0,0.0,8.0,7378,17717.78086313068,151.97391550965605,9.064703505598724,1.4928885816689856,7.122189952302901e-09,381.6792748132808,6832028,162.66733333333335,12,2017,Winter
2018-02-04,16.0,-3.0,8.0,6413,15400.39694703945,132.09660072694825,7.879092380239172,1.2976273345409604,6.1906484364487e-09,331.75781910783,5938438,141.39138095238096,2,2018,Winter
2018-03-15,29.0,4.0,17.0,5733,13767.421752280861,118.08978823757904,7.043635835944359,1.160033916875616,5.534225399370091e-09,296.58000576098385,5308758,126.399,3,2018,Spring
2018-05-19,33.0,10.0,21.0,3503,8412.223687116668,72.15568257391233,4.303829815683427,0.7088084442377957,3.381543968950537e-09,181.21747081470895,3243788,77.23304761904762,5,2018,Spring
2018-07-02,41.0,25.0,34.0,415,996.5951556247265,8.548275269247393,0.509874214532864,0.08397245342811453,4.006111182170919e-10,21.468812557266403,384290,9.149761904761904,7,2018,Summer
2018-08-14,39.0,20.0,32.0,354,850.1076749184415,7.29178179593633,0.4349288480593586,0.07162951449048806,3.417261104791579e-10,18.3131557717405,376975,8.975595238095238,8,2018,Summer
2018-10-03,32.0,9.0,19.0,370,888.530620677467,7.6213538545097235,0.4545866491015895,0.0748670066708491,3.571713584104193e-10,19.14086902696041,394013,9.381261904761905,10,2018,Fall
2018-11-20,18.0,5.0,11.0,4479,10756.023378417229,92.25957814688933,5.502955679259512,0.9062954672398192,4.323704092757481e-09,231.70797938312344,4257152,101.3607619047619,11,2018,Fall
2019-01-06,15.0,-2.0,6.0,7900,18971.329468518892,162.72620392061302,9.706039264601506,1.5985117640532647,7.626091166060304e-09,408.6834197648304,7422715,176.73130952380953,1,2019,Winter
2019-02-17,14.0,-1.0,7.0,9851,23656.527417010075,202.91339681290617,12.103062379188536,1.9932834667960393,9.509446085678487e-09,509.61270482320805,9217924,219.47438095238095,2,2019,Winter
2019-04-13,25.0,2.0,15.0,8259,19833.444313987027,170.12097698485354,10.147111175486561,1.6711529948501156,7.97264391651798e-09,427.25523592882706,7773415,185.08130952380952,4,2019,Spring
2019-06-03,40.0,16.0,30.0,2171,5213.5134526777865,44.718808697677325,2.667317878917705,0.4392872202227389,2.0957270786730277e-09,112.31034231765148,2126794,50.63795238095238,6,2019,Summer
2019-06-22,40.0,16.0,30.0,371,890.9320547874062,7.64195210817056,0.455815261666729,0.07506934993212167,3.581366864061231e-10,19.192601105411654,395078,9.406619047619047,6,2019,Summer
2019-09-14,36.0,16.0,27.0,456,1095.0539541322296,9.392803669341713,0.5602473297035806,0.0922685271402897,4.4018956604094914e-10,23.58982777376742,485594,11.561761904761905,9,2019,Fall
2019-11-05,20.0,1.0,9.0,1362,3270.7532577370544,28.054821486060117,1.6733703137199052,0.2755915218532337,1.3147767301486245e-09,70.4590908505948,1379943,32.855785714285716,11,2019,Fall
2020-01-08,12.0,-2.0,4.0,13915,33415.95563980258,286.6246996905481,17.096143843915183,2.815606480607744,1.3432539060218877e-08,719.8518716490651,13031420,310.27190476190475,1,2020,Winter
2020-02-15,18.0,-7.0,7.0,10481,25169.430906271707,215.89029661923354,12.877088295226377,2.1207597213977554,1.0117602722971903e-08,542.203914247492,9792171,233.14692857142856,2,2020,Winter
2020-05-04,36.0,11.0,24.0,7937,19060.182530586637,163.48833930606398,9.751497929511665,1.6059984647203496,7.661808301901345e-09,410.5975066675264,7530042,179.28671428571428,5,2020,Spring
2020-08-09,39.0,17.0,29.0,442,1061.4338765930822,9.104428118089993,0.5430467537916286,0.08943572148247379,4.2667497410109546e-10,22.865578675450003,470686,11.206809523809524,8,2020,Summer
2020-09-23,36.0,15.0,26.0,556,1335.1973651261396,11.452629035425423,0.6831085862175237,0.11250285326754622,5.367223656113328e-10,28.76303561889186,592084,14.097238095238096,9,2020,Fall
2020-11-05,25.0,4.0,11.0,0,0.0,0.0,0.0,0.0,0.0,0.0,0,0.0,11,2020,Fall
2020-12-26,14.0,-3.0,5.0,16590,39839.79188388967,341.72502823328733,20.38268245566316,3.356874704511856,1.6014791448726637e-08,858.2351815061437,15478788,368.5425714285714,12,2020,Winter
2021-02-08,20.0,0.0,10.0,13198,31694.127382976243,271.8557518157279,16.21522863471021,2.670526362275315,1.2740398887299226e-08,682.7599713995229,12321813,293.3765,2,2021,Winter
2021-04-07,32.0,8.0,22.0,9453,22700.756641254313,194.715291855893,11.614074578263043,1.9127508488095584,9.12524554338836e-09,489.02333759961283,8885908,211.5692380952381,4,2021,Spring
2021-05-17,37.0,13.0,25.0,633,1520.1077915914505,13.038694567309879,0.77771175373326,0.12808328438553374,6.110526212805281e-10,32.746405659637674,674082,16.04957142857143,5,2021,Spring
2021-06-30,39.0,22.0,32.0,562,1349.6059697857743,11.576218557390444,0.6904802616083603,0.11371691283518161,5.425143335855558e-10,29.073428089599325,0,0.0,6,2021,Summer
2021-10-02,29.0,10.0,18.0,948,2276.559536222267,19.527144470473562,1.1647247117521806,0.19182141168639175,9.151309399272364e-10,49.04201037177964,0,0.0,10,2021,Fall
2021-11-18,24.0,2.0,11.0,3500,8405.01938478685,72.09388781292982,4.300143977988009,0.708201414453978,3.3786479849634255e-09,181.06227457935523,2564666,61.06347619047619,11,2021,Fall
2022-01-01,15.0,-5.0,6.0,14607,35077.748043880434,300.8786912238474,17.946343738991672,2.955628017408359,1.4100546033245932e-08,755.6504699373262,13626547,324.44159523809526,1,2022,Winter
2022-02-22,19.0,0.0,9.0,16553,39750.938821821925,340.9628928478364,20.337223790753004,3.349388003844771,1.5979074312885594e-08,856.3210946034477,15446809,367.78116666666665,2,2022,Winter
2022-04-09,30.0,8.0,21.0,7108,17069.393653447125,146.41238702123005,8.732978113011077,1.438255901125393,6.861551393462866e-09,367.71161363144483,6687039,159.2152142857143,4,2022,Spring
2013-02-26,29.449941792782305,5.963329452852154,17.80093131548312,3328,7991.9727178773255,68.55098818326584,4.088822616784027,0.6733983735150968,3.212611569702366e-09,172.1643570857412,1996800,47.542857142857144,2,2013,Winter
2013-04-21,27.0,7.0,18.0,2136,5129.463258829918,43.99786981954802,2.624316439137825,0.4322052060781991,2.0619405988233933e-09,110.49971957185792,1281600,30.514285714285716,4,2013,Spring
2013-05-22,33.0,13.0,22.0,416,998.9965897346657,8.56887352290823,0.5111028270980034,0.0841747966893871,4.0157644621279573e-10,21.52054463571765,249600,5.942857142857143,5,2013,Spring
2013-06-29,37.0,18.0,28.0,376,902.9392253371017,7.744943376474746,0.46195832449242613,0.0760810662384845,3.629633263846423e-10,19.451261497667875,225600,5.371428571428571,6,2013,Summer
2013-07-31,42.0,19.0,32.0,194,465.8782173281854,3.9960612102023956,0.23835083763704965,0.039254592686877636,1.8727363116654416e-10,10.036023219541404,135800,3.2333333333333334,7,2013,Summer
2013-09-15,36.0,17.0,28.0,380,912.544961776858,7.827336391118094,0.46687277475298383,0.07689043928357475,3.6682463836745765e-10,19.65818981147285,266000,6.333333333333333,9,2013,Fall
2013-10-26,32.0,8.0,19.0,423,1015.8066285042394,8.71306129853409,0.5197031150539794,0.08559119951829505,4.0833374218272257e-10,21.88266918487636,296100,7.05,10,2013,Fall
2013-11-30,21.0,3.0,12.0,2672,6416.631941757276,55.038533781756705,3.28285277405256,0.5406611941202941,2.5793564045206493e-09,138.2281136217249,1870400,44.53333333333333,11,2013,Fall
2014-01-07,15.0,-3.0,5.0,4200,10086.02326174422,86.51266537551578,5.160172773585611,0.8498416973447737,4.054377581956111e-09,217.27472949522627,2940000,70.0,1,2014,Winter
2014-02-13,17.0,-7.0,5.0,4604,11056.202642159617,94.83435985449397,5.656532249901941,0.9315883748988899,4.44437009222046e-09,238.17448918952897,3222800,76.73333333333333,2,2014,Winter
2014-03-15,22.0,0.0,13.0,1939,4656.380739171915,39.940013848363115,2.382279763805357,0.3923435836075038,1.871770983669738e-09,100.30850011696279,1357300,32.31666666666667,3,2014,Spring
2014-04-29,30.0,-2.0,18.0,1756,4216.91829705306,36.170533428429934,2.157443664384841,0.35531476679462437,1.6951159604559358e-09,90.84152976038507,1388996,33.071333333333335,4,2014,Spring
2014-06-08,40.0,14.0,30.0,205,492.2939925375155,4.222642000471604,0.2518655758535834,0.041480368560875856,1.9789223911928635e-10,10.605076082505091,165025,3.9291666666666667,6,2014,Summer
2014-07-09,42.0,20.0,32.0,97,232.9391086640927,1.9980306051011978,0.11917541881852482,0.019627296343438818,9.363681558327208e-11,5.018011609770702,78085,1.8591666666666666,7,2014,Summer
2014-08-18,41.0,22.0,32.0,154,369.8208529306214,3.1721310637689117,0.18920633503147238,0.031160862235975032,1.4866051133839072e-10,7.96674008149163,123970,2.9516666666666667,8,2014,Summer
2014-09-13,36.0,17.0,28.0,180,432.258139789038,3.7076856589506764,0.2211502617250976,0.03642178702906173,1.7375903922669045e-10,9.311774121223984,144900,3.45,9,2014,Fall
2014-10-16,32.0,0.0,18.0,424,1018.2080626141784,8.733659552194926,0.5209317276191188,0.08579354277956762,4.092990701784264e-10,21.934401263327604,341320,8.126666666666667,10,2014,Fall
2014-12-27,16.0,1.0,7.0,3980,9557.707757557619,81.98104957013162,4.889878009254936,0.8053261798648093,3.842005422901267e-09,205.8936722359525,3203900,76.28333333333333,12,2014,Winter
2015-01-28,16.0,-2.0,-7.0,3559,8546.703997273258,73.3091847789192,4.372632119331236,0.7201396668690594,3.435602336709952e-09,184.11446720797863,2864995,68.21416666666667,1,2015,Winter
2015-03-04,22.0,-1.0,11.0,3454,8294.553415729652,71.14636814453131,4.243627799991595,0.69889362443544,3.334242897161049e-09,178.68259897059798,2780470,66.20166666666667,3,2015,Spring
2015-04-21,31.0,7.0,19.0,1786,4288.961320351233,36.78848103825504,2.194302041339024,0.36138506463280134,1.7240758003270509e-09,92.3934921139224,1437729,34.23164285714286,4,2015,Spring
2015-05-24,35.0,14.0,25.0,405,972.5808145253355,8.342292732639022,0.4975880888814696,0.08194902081538888,3.9095783826005356e-10,20.95149177275396,326025,7.7625,5,2015,Spring
2015-07-05,40.0,18.0,32.0,242,581.1470546052623,4.984777385922576,0.29732424076374236,0.04896706922796076,2.336093749603283e-10,12.519162985201133,221933,5.284119047619048,7,2015,Summer
2015-08-09,39.0,20.0,31.0,145,348.2079459411695,2.986746780821378,0.17814882194521753,0.029339772884521945,1.3997255937705621e-10,7.501151375430431,134227,3.1958809523809526,8,2015,Summer
2015-09-12,34.0,16.0,26.0,166,398.6380622498906,3.419310107698957,0.20394968581314557,0.033588981371245816,1.6024444728683676e-10,8.587525022906561,153666,3.658714285714286,9,2015,Fall
2015-10-19,32.0,7.0,21.0,360,864.516279578076,7.415371317901353,0.4423005234501952,0.07284357405812346,3.475180784533809e-10,18.623548242447967,333252,7.934571428571428,10,2015,Fall
2015-11-25,18.0,4.0,11.0,2460,5907.527910450186,50.671704005659244,3.0223869102430005,0.49776442273051025,2.3747068694314365e-09,127.2609129900611,2277581,54.228119047619046,11,2015,Fall
2015-12-30,16.0,-1.0,5.0,3366,8083.227214055011,69.33372182237764,4.135509894259325,0.6810874174434542,3.2492940335391117e-09,174.13017606688848,3116916,74.21228571428571,12,2015,Winter
2016-02-01,24.0,-5.0,10.0,3469,8330.574927378739,71.45534194944386,4.262056988468687,0.7019287733545285,3.3487228170966065e-09,179.45858014736663,3212294,76.48319047619047,2,2016,Winter
2016-03-08,23.0,2.0,14.0,2478,5950.75372442909,51.04247257155431,3.0445019364155104,0.5014066014334164,2.3920827733541053e-09,128.19209040218348,2294628,54.634,3,2016,Spring
2016-04-17,32.0,3.0,18.0,2212,5311.97225118529,45.563337097771644,2.7176909940884215,0.4475832939349141,2.135305526496885e-09,114.4313575341525,2048312,48.769333333333336,4,2016,Spring
2016-05-29,35.0,14.0,25.0,723,1736.2368614859695,14.892537396785217,0.8882868845958087,0.1462941779000646,6.979321408938733e-10,37.40229272024966,669498,15.940428571428571,5,2016,Spring
2016-07-16,40.0,20.0,32.0,270,648.387209683557,5.561528488426014,0.3317253925876464,0.05463268054359259,2.6063855884003567e-10,13.967661181835973,250020,5.952857142857143,7,2016,Summer
2016-08-30,38.0,22.0,30.0,318,763.6560469606338,6.550244664146195,0.39069879571433913,0.06434515708467571,3.069743026338198e-10,16.450800947495704,294468,7.011142857142858,8,2016,Summer
2016-10-15,30.0,11.0,19.0,428,1027.8137990539349,8.816052566838275,0.5258461778796766,0.08660291582465789,4.1316038216124177e-10,22.14132957713258,396328,9.436380952380953,10,2016,Fall
2016-11-29,25.0,-7.0,10.0,2427,5828.280584822196,49.99196163485162,2.981842695593399,0.4910870951085156,2.3428510455732097e-09,125.55375440117004,2247402,53.50957142857143,11,2016,Fall
2017-01-12,15.0,-3.0,5.0,4983,11966.346169826536,102.64109799195123,6.122176412089785,1.0082764709211922,4.8102294025922145e-09,257.7809469225506,4614258,109.86328571428571,1,2017,Winter
2017-02-23,18.0,-5.0,5.0,5947,14281.328651807828,122.49781452099818,7.306558924884197,1.203335374787945,5.740805590450712e-09,307.6506705495501,5506922,131.11719047619047,2,2017,Winter
2017-04-15,29.0,4.0,18.0,3342,8025.592795416473,68.83936373451756,4.106023192695979,0.6762311791729128,3.2261261616422196e-09,172.8886061840586,3094692,73.68314285714285,4,2017,Spring
2017-05-27,35.0,13.0,25.0,425,1020.6094967241175,8.754257805855763,0.5221603401842583,0.08599588604084019,4.1026439817413026e-10,21.98613334177885,393550,9.370238095238095,5,2017,Spring
2017-07-16,41.0,17.0,32.0,132,316.9893025119612,2.718969483230496,0.16217685859840492,0.0267093104879786,1.2742329543290632e-10,6.828634355564254,122232,2.910285714285714,7,2017,Summer
2017-09-03,37.0,14.0,27.0,225,540.3226747362975,4.634607073688345,0.276437827156372,0.045527233786327156,2.1719879903336308e-10,11.639717651529978,208350,4.960714285714285,9,2017,Fall
2017-10-15,29.0,10.0,20.0,174,417.8495351294034,3.5840961369856537,0.21377858633426103,0.035207727461426336,1.6796707125246745e-10,9.001381650516517,161124,3.8362857142857143,10,2017,Fall
2017-11-29,24.0,2.0,14.0,1394,3347.5991492551057,28.713965603206905,1.712685915804367,0.2820665062139558,1.3456672260111471e-09,72.11451736103461,1290844,30.734380952380953,11,2017,Fall
2018-01-14,16.0,-8.0,6.0,4206,10100.431866403855,86.6362548974808,5.1675444489764475,0.851055756912409,4.060169549930334e-09,217.58512196593372,3894756,92.73228571428571,1,2018,Winter
2018-02-25,16.0,-3.0,8.0,4314,10359.786750277279,88.86086629285121,5.3002346060115055,0.872908829129846,4.164424973466348e-09,223.17218643866812,3994764,95.11342857142857,2,2018,Winter
2018-04-21,26.0,3.0,17.0,1438,3453.262250092426,29.620288764283735,1.766744868670502,0.2909696097099487,1.388141657822116e-09,74.39072881288938,1331587,31.704452380952382,4,2018,Spring
2018-05-28,33.0,10.0,21.0,385,924.5521323265535,7.93032765942228,0.473015837578681,0.07790215558993759,3.716512783459768e-10,19.916850203729073,356510,8.488333333333333,5,2018,Spring
2018-07-18,41.0,25.0,34.0,130,312.186434292083,2.677772975908822,0.15971963346812604,0.02630462396543347,1.2549263944149866e-10,6.725170198661766,120380,2.8661904761904764,7,2018,Summer
2018-09-04,38.0,17.0,27.0,272,653.1900779034353,5.602724995747689,0.3341826177179253,0.05503736706613772,2.6256921483144336e-10,14.071125338738463,289653,6.8965,9,2018,Fall
2018-10-21,32.0,9.0,19.0,924,2218.9251175837285,19.032786382613473,1.1352380101888344,0.1869651734158502,8.919630680303443e-10,47.800440488949775,962939,22.927119047619048,10,2018,Fall
2018-12-04,17.0,1.0,9.0,2779,6673.585391520759,57.24254692346627,3.414314318522479,0.5623119230764585,2.68264650006096e-09,143.76344601600803,2673819,63.66235714285714,12,2018,Winter
2019-01-15,15.0,-2.0,6.0,5163,12398.604309615574,106.3487836509019,6.343326673814883,1.044698257950254,4.983988441818905e-09,267.0927210437746,4876836,116.11514285714286,1,2019,Winter
2019-03-02,19.0,1.0,11.0,6485,15573.300202955064,133.57967499052853,7.967552484929211,1.312196049352585,6.260152052139376e-09,335.4825287563196,6110141,145.47954761904762,3,2019,Spring
2019-04-29,25.0,2.0,15.0,2904,6973.764655263147,59.81732863107091,3.567890889164908,0.5876048307355292,2.8033124995239392e-09,150.2299558224136,2821534,67.17938095238095,4,2019,Spring
2019-06-22,40.0,16.0,30.0,551,1323.1901945764441,11.349637767121237,0.6769655233918266,0.1114911369611834,5.318957256328136e-10,28.504375226635634,586760,13.970476190476191,6,2019,Summer
2019-08-07,40.0,22.0,31.0,215,516.3083336369065,4.428624537079974,0.2641517015049777,0.0435038011736015,2.075455190763247e-10,11.122396867017535,228954,5.4512857142857145,8,2019,Summer
2019-10-02,30.0,10.0,20.0,568,1364.014574445409,11.699808079355467,0.6978519369991969,0.11493097240281701,5.483063015597788e-10,29.38382056030679,604863,14.4015,10,2019,Fall
2019-12-05,16.0,2.0,8.0,3720,8933.334888973452,76.62550361831397,4.570438742318684,0.7527169319339423,3.5910201440182694e-09,192.44333183862898,3590851,85.49645238095238,12,2019,Winter
2020-02-02,18.0,-7.0,7.0,6835,16413.80214143375,140.7890637718215,8.397566882728013,1.3830161907979828,6.598016850635718e-09,353.5887562142551,6463924,153.90295238095237,2,2020,Winter
2020-03-07,22.0,1.0,13.0,3345,8032.79709774629,68.90115849550007,4.1097090303913975,0.6768382089567304,3.229022145629331e-09,173.04380241941234,3175102,75.59766666666667,3,2020,Spring
2020-04-18,26.0,2.0,15.0,2103,5050.215933201927,43.3181274487404,2.5837722244882237,0.4255278784562045,2.030084774965167e-09,108.79256098296686,2043276,48.64942857142857,4,2020,Spring
2020-05-26,36.0,11.0,24.0,108,259.3548838734228,2.2246113953704056,0.13269015703505857,0.021853072217437035,1.0425542353601428e-10,5.587064472734389,115009,2.738309523809524,5,2020,Spring
2020-08-23,39.0,17.0,29.0,63,151.29034892616332,1.2976899806327367,0.07740259160378417,0.012747625460171604,6.081566372934166e-11,3.259120942428394,67089,1.597357142857143,8,2020,Summer
2020-10-10,30.0,9.0,18.0,218,523.5126359667238,4.490419298062486,0.267837539200396,0.0441108309574192,2.1044150306343622e-10,11.277593102371268,232148,5.527333333333333,10,2020,Fall
2020-12-09,14.0,-3.0,5.0,3438,8256.130469970627,70.81679608595792,4.223969998949364,0.6956561322550789,3.318797649229788e-09,177.85488571537806,3320585,79.06154761904762,12,2020,Winter
2021-01-18,15.0,-5.0,5.0,4465,10722.403300878083,91.9712025956376,5.48575510334756,0.9034626615820034,4.310189500817627e-09,230.98373028480603,4225923,100.61721428571428,1,2021,Winter
2021-04-24,32.0,8.0,22.0,2090,5018.997289772719,43.050350151149516,2.5678002611414112,0.42289741605966114,2.017535511021017e-09,108.12004396310068,2060921,49.06954761904762,4,2021,Spring
2021-06-09,39.0,22.0,32.0,173,415.44810101946433,3.5634978833248168,0.21254997376912158,0.03500538420015377,1.670017432567636e-10,8.949649572065272,184228,4.386380952380953,6,2021,Summer
2021-08-03,39.0,24.0,31.0,93,223.3333722243363,1.9156375904578493,0.1142609685579671,0.018817923298348558,8.977550360045673e-11,4.811083295965725,99036,2.358,8,2021,Summer
2021-09-12,38.0,17.0,28.0,98,235.3405427740318,2.018628858762035,0.12040403138366425,0.019829639604711385,9.460214357897591e-11,5.069743688221946,104360,2.4847619047619047,9,2021,Fall
2021-10-30,29.0,10.0,18.0,1422,3414.8393043334004,29.29071670571034,1.747087067628271,0.28773211752958766,1.3726964098908547e-09,73.56301555766946,1426370,33.961190476190474,10,2021,Fall
2021-12-13,18.0,0.0,8.0,6028,14475.844814712895,124.16627306752598,7.406076542660491,1.2197251789510226,5.818997158102723e-09,311.8409689041009,5682393,135.29507142857142,12,2021,Winter
2022-01-29,15.0,-5.0,6.0,8362,20080.792027310756,172.24259711191974,10.273658269695924,1.6919943507611896,8.072072700075476e-09,432.5836400093052,7850526,186.91728571428573,1,2022,Winter
2022-03-14,23.0,0.0,13.0,7047,16922.906172740837,145.15589354791896,8.658032746537572,1.4259129621877666,6.8026663857249315e-09,364.5559568459189,6625987,157.76159523809523,3,2022,Spring
2013-03-14,24.0,-3.0,14.0,1696,4072.8322504567136,34.9346382087797,2.083726910476475,0.3431741711182705,1.6371962807137056e-09,87.73760505331042,587998,13.999952380952381,3,2013,Spring
2013-06-03,37.0,18.0,28.0,590,1416.846124864069,12.152969659893884,0.7248814134322644,0.11938252415081343,5.695435174652632e-10,30.521926286234166,277467,6.606357142857143,6,2013,Summer
2013-07-14,42.0,19.0,32.0,667,1601.7565513293798,13.739035191778338,0.8194845809480006,0.13496295526880095,6.438737731344586e-10,34.50529632697998,528875,12.592261904761905,7,2013,Summer
2013-08-19,38.0,20.0,30.0,505,1212.7242255192455,10.402118098722731,0.6204493453954127,0.1021833469426454,4.874906378304371e-10,26.124699617878395,391785,9.328214285714285,8,2013,Summer
2013-09-19,36.0,17.0,28.0,458,1099.8568223521079,9.434000176663387,0.5627045548338595,0.09267321366283483,4.4212022203235683e-10,23.69329193066991,358198,8.52852380952381,9,2013,Fall
2013-10-28,32.0,8.0,19.0,687,1649.7852335281618,14.151000264995082,0.8440568322507892,0.13900982049425226,6.631803330485353e-10,35.539937896004865,504481,12.011452380952381,10,2013,Fall
2013-12-04,17.0,-2.0,5.0,1606,3856.7031805621946,33.08079537930437,1.9731517796139264,0.3249632776037396,1.5503167611003604e-09,83.08171799269843,481799,11.471404761904761,12,2013,Winter
2014-01-12,15.0,-3.0,5.0,3037,7293.155391885047,62.556896367962246,3.7312963603284524,0.6145164844847804,2.93170112295255e-09,157.11032225642907,1189897,28.33088095238095,1,2014,Winter
2014-02-19,17.0,-7.0,5.0,2974,7141.865042958883,61.259206387329506,3.6538937687246684,0.6017688590246087,2.8708854592232078e-09,153.8512013140007,1169796,27.852285714285713,2,2014,Winter
2014-03-19,22.0,0.0,13.0,1615,3878.316087551647,33.2661796622519,1.9842092927001813,0.3267843669551927,1.5590047130616949e-09,83.54730669875963,518188,12.337809523809524,3,2014,Spring
2014-05-01,33.0,14.0,25.0,1325,3181.900195669308,27.292686100609146,1.6279116488097463,0.2681048211861488,1.2790595943075825e-09,68.54500394789876,820926,19.545857142857145,5,2014,Spring
2014-06-10,40.0,14.0,30.0,616,1479.2834117224857,12.688524255075647,0.7568253401258895,0.12464344894390013,5.946420453535629e-10,31.86696032596652,632557,15.060880952380952,6,2014,Summer
2014-07-17,42.0,20.0,32.0,503,1207.9213572993674,10.360921591401057,0.6179921202651338,0.10177866042010027,4.855599818390294e-10,26.02123546097591,508963,12.118166666666667,7,2014,Summer
2014-08-21,41.0,22.0,32.0,436,1047.0252719334476,8.980838596124972,0.535675078400792,0.0882216619148384,4.2088300612687243e-10,22.555186204742537,436066,10.382523809523809,8,2014,Summer
2014-09-21,36.0,17.0,28.0,406,974.9822486352747,8.362890986299858,0.49881670144660906,0.08215136407666145,3.919231662557574e-10,21.003223851205206,408836,9.734190476190475,9,2014,Fall
2014-10-27,32.0,0.0,18.0,636,1527.3120939212677,13.10048932829239,0.7813975914286783,0.12869031416935142,6.139486052676396e-10,32.90160189499141,618087,14.716357142857143,10,2014,Fall
2014-12-31,16.0,1.0,7.0,2318,5566.524266838834,47.746751985820374,2.8479239259932014,0.469031679629806,2.2376302940414917e-09,119.9149578499844,1179117,28.074214285714287,12,2014,Winter
2015-02-02,17.0,-3.0,8.0,2457,5900.323608120369,50.60990924467673,3.0187010725475822,0.49715739294669253,2.3718108854443246e-09,127.10571675470736,1271876,30.282761904761905,2,2015,Winter
2015-03-07,22.0,-1.0,11.0,2370,5691.398840555667,48.817861176183904,2.911811779380452,0.4795535292159794,2.287827349818091e-09,122.6050259294491,1163463,27.7015,3,2015,Spring
2015-04-16,31.0,7.0,19.0,2040,4898.925584275764,42.020437468107666,2.5063696328844394,0.4127802529960329,1.9692691112358253e-09,105.53344004053847,1383346,32.93680952380952,4,2015,Spring
2015-05-20,35.0,14.0,25.0,706,1695.4124816170047,14.542367084550985,0.8674004709884384,0.14285434245843098,6.815215649669081e-10,36.52284738657851,769863,18.33007142857143,5,2015,Spring
2015-06-29,41.0,19.0,32.0,621,1491.2905822721812,12.791515523379832,0.7629684029515867,0.12565516525026296,5.994686853320821e-10,32.12562071822274,717243,17.077214285714287,6,2015,Summer
2015-08-02,39.0,20.0,31.0,488,1171.899845650281,10.0519477864885,0.5995629317880424,0.0987435115010118,4.710800619034719e-10,25.245254284207242,571652,13.610761904761905,8,2015,Summer
2015-09-15,34.0,16.0,26.0,631,1515.3049233715722,12.997498059988205,0.775254528602981,0.1276785978629886,6.091219652891204e-10,32.642941502735184,739092,17.597428571428573,9,2015,Fall
2015-10-27,32.0,7.0,21.0,742,1781.8641095748123,15.28390421634112,0.911630523333458,0.15013869986424333,7.162733728122462e-10,38.38520221082331,886354,21.103666666666665,10,2015,Fall
2015-11-26,18.0,4.0,11.0,1588,3813.477366583291,32.7100268134093,1.9510367534414166,0.32132109890083344,1.5329408571776914e-09,82.15054058057602,1305153,31.07507142857143,11,2015,Fall
2016-01-05,17.0,-4.0,7.0,3210,7708.603492904512,66.12039425128707,3.943846334097574,0.6495218686849341,3.098702866209313e-09,166.05997182849435,1776060,42.287142857142854,1,2016,Winter
2016-02-03,24.0,-5.0,10.0,1961,4709.212289590575,40.393175428901536,2.4093092402384246,0.39679513535550026,1.893008199575222e-09,101.44660584289016,952888,22.687809523809523,2,2016,Winter
2016-03-06,23.0,2.0,14.0,1860,4466.667444486726,38.312751809156985,2.285219371159342,0.37635846596697115,1.7955100720091347e-09,96.22166591931449,834661,19.872880952380953,3,2016,Spring
2016-04-18,32.0,3.0,18.0,1826,4385.018684748797,37.612411184688526,2.2434465439446014,0.36947879508370396,1.7626889201552043e-09,94.46277525197218,1401602,33.37147619047619,4,2016,Spring
2016-05-28,35.0,14.0,25.0,691,1659.3909699679182,14.23339327963843,0.8489712825113469,0.13981919353934252,6.670416450313505e-10,35.746866209809845,825770,19.661190476190477,5,2016,Spring
2016-07-18,40.0,20.0,32.0,689,1654.58810174804,14.192196772316755,0.8465140573810681,0.1394145070167974,6.651109890399429e-10,35.643402052907355,801108,19.074,7,2016,Summer
2016-08-31,38.0,22.0,30.0,559,1342.401667455957,11.514423796407934,0.686794423912942,0.11310988305136392,5.396183495984443e-10,28.91823185424559,644706,15.350142857142858,8,2016,Summer
2016-10-17,30.0,11.0,19.0,647,1553.7278691305978,13.327070118561597,0.794912329645212,0.13091609004334964,6.245672132203819e-10,33.470654757955096,859846,20.47252380952381,10,2016,Fall
2016-12-04,17.0,-1.0,6.0,2276,5465.664034221392,46.88162533206522,2.796322198257345,0.46053326265635824,2.1970865182219303e-09,117.74221055503213,2771181,65.9805,12,2016,Winter
2017-01-14,15.0,-3.0,5.0,1557,3739.0329091751787,32.07148094992335,1.9129497639220943,0.3150484578013839,1.5030156893108724e-09,80.54684614858745,644597,15.347547619047619,1,2017,Winter
2017-02-26,18.0,-5.0,5.0,62,148.8889148162242,1.2770917269718995,0.07617397903864473,0.01254528219889904,5.985033573363783e-11,3.2073888639771497,1209569,28.799261904761906,2,2017,Winter
2017-04-17,29.0,4.0,18.0,1,2.4014341099391,0.02059825366083709,0.0012286125651394311,0.00020234326127256514,9.653279957038359e-13,0.05173207845124435,1231891,29.330738095238097,4,2017,Spring
2017-05-30,35.0,13.0,25.0,0,0.0,0.0,0.0,0.0,0.0,0.0,818443,19.486738095238096,5,2017,Spring
2017-07-17,41.0,17.0,32.0,0,0.0,0.0,0.0,0.0,0.0,0.0,795321,18.936214285714286,7,2017,Summer
2017-08-29,38.0,21.0,30.0,0,0.0,0.0,0.0,0.0,0.0,0.0,646705,15.397738095238095,8,2017,Summer
2017-10-16,29.0,10.0,20.0,0,0.0,0.0,0.0,0.0,0.0,0.0,750521,17.86954761904762,10,2017,Fall
2017-12-02,20.0,0.0,8.0,0,0.0,0.0,0.0,0.0,0.0,0.0,1830221,43.57669047619048,12,2017,Winter
2018-02-01,16.0,-3.0,8.0,0,0.0,0.0,0.0,0.0,0.0,0.0,972899,23.164261904761904,2,2018,Winter
2018-02-25,16.0,-3.0,8.0,2358,5662.581631236398,48.57068213225386,2.8970684285987787,0.47712541008070863,2.276243413869645e-09,121.98424098803417,1727750,41.13690476190476,2,2018,Winter
2018-04-19,26.0,3.0,17.0,1969,4728.423762470088,40.55796145818823,2.41913814075954,0.3984138814456808,1.9007308235408527e-09,101.86046247050012,1380008,32.85733333333334,4,2018,Spring
2018-05-30,33.0,10.0,21.0,985,2365.4125982900136,20.289279855924534,1.2101833766623398,0.19930811235347667,9.508480757682784e-10,50.95609727447568,1288942,30.689095238095238,5,2018,Spring
2018-07-19,41.0,25.0,34.0,693,1664.1938381877965,14.274589786960103,0.8514285076416258,0.14022388006188766,6.689723010227583e-10,35.850330366712335,808361,19.246690476190476,7,2018,Summer
2018-09-06,38.0,17.0,27.0,618,1484.086279942364,12.729720762397323,0.7592825652561684,0.12504813546644525,5.965727013449706e-10,31.970424482869007,786734,18.731761904761903,9,2018,Fall
2018-10-25,32.0,9.0,19.0,793,1904.3372491817063,16.334415153043814,0.9742897641555689,0.16045820618914416,7.655051005931418e-10,41.023538211836765,1014021,24.14335714285714,10,2018,Fall
2018-12-12,17.0,1.0,9.0,2350,5643.370158356885,48.40589610296716,2.887239528077663,0.4755066639905281,2.2685207899040143e-09,121.57038436042421,1823802,43.423857142857145,12,2018,Winter
2019-01-26,15.0,-2.0,6.0,3089,7418.029965601881,63.628005558325775,3.795184213715703,0.6250383340709538,2.981898178729149e-09,159.80039033589378,1810571,43.10883333333334,1,2019,Winter
2019-03-07,19.0,1.0,11.0,2395,5751.434693304145,49.33281751770483,2.9425270935089376,0.48461211074779353,2.311960549710687e-09,123.89832789073022,1266215,30.14797619047619,3,2019,Spring
2019-05-04,34.0,12.0,24.0,2353,5650.574460686703,48.46769086394967,2.8909253657730813,0.47611369377434576,2.2714167738911257e-09,121.72558059577796,2347934,55.903190476190474,5,2019,Spring
2019-06-26,40.0,16.0,30.0,670,1608.960853659197,13.80082995276085,0.8231704186434189,0.13556998505261864,6.467697571215701e-10,34.660492562333715,852989,20.309261904761904,6,2019,Summer
2019-08-13,40.0,22.0,31.0,458,1099.8568223521079,9.434000176663387,0.5627045548338595,0.09267321366283483,4.4212022203235683e-10,23.69329193066991,577451,13.748833333333334,8,2019,Summer
2019-10-05,30.0,10.0,20.0,511,1227.13283017888,10.525707620687752,0.6278210207862494,0.10339740651028079,4.932826058046601e-10,26.43509208858586,643739,15.327119047619048,10,2019,Fall
2019-11-26,20.0,1.0,9.0,1100,2641.57752093301,22.6580790269208,1.3514738216533744,0.22257758739982167,1.0618607952742195e-09,56.905286296368786,1113049,26.501166666666666,11,2019,Fall
2020-01-11,12.0,-2.0,4.0,1779,4272.1512815816595,36.64429326262918,2.185701753383048,0.35996866180389336,1.717318504357124e-09,92.0313675647637,806631,19.2055,1,2020,Winter
2020-02-18,18.0,-7.0,7.0,1490,3578.136823809259,30.691397954647265,1.8306327220577525,0.3014914592961221,1.4383387135987155e-09,77.08079689235407,674788,16.066380952380953,2,2020,Winter
2020-04-06,26.0,2.0,15.0,1947,4675.592212051428,40.10479987764982,2.3921086643264724,0.39396232969768435,1.8794936076353684e-09,100.72235674457275,888231,21.148357142857144,4,2020,Spring
2020-08-15,39.0,17.0,29.0,1491,3580.5382579191983,30.7119962083081,1.8318613346228918,0.30169380255739464,1.4393040415944194e-09,77.13252897080532,1630283,38.8162619047619,8,2020,Summer
2020-10-14,30.0,9.0,18.0,326,782.8675198401467,6.715030693432891,0.40052769623545453,0.06596390317485623,3.146969265994505e-10,16.864657575105657,405263,9.649119047619047,10,2020,Fall
2020-11-24,25.0,4.0,11.0,1303,3129.0686452506475,26.83952452007073,1.6008821723766788,0.26365326943815237,1.2578223784020982e-09,67.40689822197139,1379713,32.85030952380952,11,2020,Fall
2021-02-23,20.0,0.0,10.0,2924,7021.793337461929,60.22929370428765,3.5924631404676965,0.5916516959609804,2.8226190594380163e-09,151.26459739143849,1572953,37.45126190476191,2,2021,Winter
2021-04-20,32.0,8.0,22.0,1904,4572.330545324046,39.21907497023382,2.339278324025477,0.385261569462964,1.8379845038201036e-09,98.49787737116924,783176,18.64704761904762,4,2021,Spring
2021-05-31,37.0,13.0,25.0,161,386.6308917001951,3.3163188393947713,0.19780662298744842,0.03257726506488299,1.554178073083176e-10,8.32886463065034,0,0.0,5,2021,Spring
2021-07-14,41.0,21.0,32.0,176,422.6524033492816,3.625292644307328,0.21623581146453988,0.03561241398397146,1.6989772724387512e-10,9.104845807419006,0,0.0,7,2021,Summer
2021-09-06,38.0,17.0,28.0,191,458.6739149983681,3.9342664492198844,0.23466499994163134,0.03864756290305994,1.8437764717943264e-10,9.88082698418767,0,0.0,9,2021,Fall
2021-10-20,29.0,10.0,18.0,232,557.1327135058713,4.778794849314205,0.285038115112348,0.04694363661523512,2.2395609500328993e-10,12.001842200688689,0,0.0,10,2021,Fall
2021-12-05,18.0,0.0,8.0,1512,3630.9683742279194,31.14455953518568,1.85766219849082,0.3059430110441185,1.4595759295041998e-09,78.21890261828146,884001,21.047642857142858,12,2021,Winter
2022-01-17,15.0,-5.0,6.0,2769,6649.571050421368,57.036564386857904,3.402028192871085,0.5602884904637329,2.6729932201039218e-09,143.2461252314956,1553595,36.99035714285714,1,2022,Winter
2013-03-06,24.0,-3.0,14.0,1790,4298.567056790989,36.870874052898394,2.1992164915995818,0.3621944376778916,1.7279371123098662e-09,92.60042042772739,1074000,25.571428571428573,3,2013,Spring
2013-04-28,27.0,7.0,18.0,578,1388.0289155448,11.905790615963838,0.7101380626505912,0.11695440501554265,5.579595815168171e-10,29.901141344819234,346800,8.257142857142858,4,2013,Spring
2013-08-26,38.0,20.0,30.0,30,72.043023298173,0.6179476098251127,0.03685837695418293,0.006070297838176955,2.8959839871115077e-11,1.5519623535373304,21000,0.5,8,2013,Summer
2013-10-02,32.0,8.0,19.0,18,43.2258139789038,0.3707685658950676,0.02211502617250976,0.0036421787029061728,1.7375903922669046e-11,0.9311774121223982,12600,0.3,10,2013,Fall
2013-11-10,21.0,3.0,12.0,572,1373.6203108851653,11.782201093998816,0.7027663872597546,0.11574034544790726,5.521676135425941e-10,29.590748874111767,400400,9.533333333333333,11,2013,Fall
2013-12-18,17.0,-2.0,5.0,1900,4562.72480888429,39.13668195559047,2.3343638737649193,0.38445219641787376,1.834123191837288e-09,98.29094905736426,1330000,31.666666666666668,12,2013,Winter
2014-01-27,15.0,-3.0,5.0,2634,6325.37744557959,54.255800142644894,3.2361654965772617,0.5329721501919366,2.542673940683904e-09,136.2622946405776,1843800,43.9,1,2014,Winter
2014-05-19,33.0,14.0,25.0,3713,8916.52485020388,76.48131584268812,4.561838454362708,0.7513005291050344,3.5842628480483425e-09,192.08120728947026,2804475,66.77321428571429,5,2014,Spring
2014-06-21,40.0,14.0,30.0,12,28.817209319269203,0.24717904393004508,0.014743350781673173,0.002428119135270782,1.158393594844603e-11,0.6207849414149322,9660,0.23,6,2014,Summer
2014-08-04,41.0,22.0,32.0,3,7.204302329817301,0.06179476098251127,0.0036858376954182932,0.0006070297838176955,2.8959839871115077e-12,0.15519623535373306,2415,0.0575,8,2014,Summer
2014-09-01,36.0,17.0,28.0,10,24.014341099391,0.2059825366083709,0.012286125651394312,0.0020234326127256514,9.653279957038359e-12,0.5173207845124435,8050,0.19166666666666668,9,2014,Fall
2014-09-27,36.0,17.0,28.0,16,38.4229457590256,0.32957205857339344,0.0196578010422309,0.0032374921803610423,1.5445247931261374e-11,0.8277132552199096,12880,0.30666666666666664,9,2014,Fall
2014-11-09,17.0,1.0,10.0,516,1239.1400007285756,10.628698888991938,0.6339640836119464,0.10440912281664362,4.981092457831794e-10,26.693752480842083,415380,9.89,11,2014,Fall
2014-12-06,16.0,1.0,7.0,1157,2778.459265199539,23.832179485588515,1.421504737866322,0.23411115329235788,1.116884491029338e-09,59.85401476808971,931385,22.175833333333333,12,2014,Winter
2015-01-14,16.0,-2.0,-7.0,1966,4721.219460140271,40.49616669720572,2.4154523030641215,0.3978068516618631,1.8978348395537413e-09,101.70526623514638,1582630,37.681666666666665,1,2015,Winter
2015-04-06,31.0,7.0,19.0,1083,2600.7531410640454,22.30790871468657,1.3305874080460038,0.21913775195818805,1.0454502193472543e-09,56.02584096269763,871815,20.7575,4,2015,Spring
2015-06-17,41.0,19.0,32.0,8,19.2114728795128,0.16478602928669672,0.00982890052111545,0.0016187460901805212,7.722623965630687e-12,0.4138566276099548,6988,0.16638095238095238,6,2015,Summer
2015-07-27,40.0,18.0,32.0,3,7.204302329817301,0.06179476098251127,0.0036858376954182932,0.0006070297838176955,2.8959839871115077e-12,0.15519623535373306,2777,0.06611904761904762,7,2015,Summer
2015-08-29,39.0,20.0,31.0,27,64.8387209683557,0.5561528488426014,0.03317253925876464,0.005463268054359259,2.606385588400357e-11,1.3967661181835973,24994,0.5950952380952381,8,2015,Summer
2015-10-03,32.0,7.0,21.0,18,43.2258139789038,0.3707685658950676,0.02211502617250976,0.0036421787029061728,1.7375903922669046e-11,0.9311774121223982,16663,0.3967380952380952,10,2015,Fall
2015-11-10,18.0,4.0,11.0,486,1167.0969774304026,10.010751279166826,0.5971057066577635,0.09833882497846666,4.691494059120642e-10,25.141790127304752,449902,10.711952380952381,11,2015,Fall
2015-12-15,16.0,-1.0,5.0,1955,4694.803684930941,40.26958590693651,2.401937564847588,0.39558107578786483,1.887216231600999e-09,101.1362133721827,1810330,43.103095238095236,12,2015,Winter
2016-01-17,17.0,-4.0,7.0,1780,4274.552715691598,36.66489151629002,2.1869303659481876,0.360171005065166,1.7182838323528279e-09,92.08309964321494,1648280,39.2447619047619,1,2016,Winter
2016-02-22,24.0,-5.0,10.0,1479,3551.721048599929,30.464817164378058,1.8171179838412186,0.29926568342212384,1.4277201056459733e-09,76.51174402939039,1369554,32.60842857142857,2,2016,Winter
2016-04-05,32.0,3.0,18.0,705,1693.0110475070655,14.52176883089015,0.8661718584232989,0.14265199919715843,6.805562369712043e-10,36.47111530812727,652830,15.543571428571429,4,2016,Spring
2016-05-10,35.0,14.0,25.0,490,1176.702713870159,10.093144293810175,0.6020201569183212,0.09914819802355693,4.730107178948796e-10,25.34871844110973,453740,10.803333333333333,5,2016,Spring
2016-06-25,40.0,17.0,29.0,48,115.26883727707681,0.9887161757201803,0.05897340312669269,0.009712476541083127,4.633574379378412e-11,2.483139765659729,44448,1.0582857142857143,6,2016,Summer
2016-08-10,38.0,22.0,30.0,121,290.57352730263113,2.492388692961288,0.14866212038187118,0.02448353461398038,1.1680468748016415e-10,6.259581492600566,112046,2.6677619047619046,8,2016,Summer
2016-09-24,38.0,14.0,27.0,432,1037.4195354936912,8.898445581481623,0.5307606281402343,0.08741228886974814,4.170216941440571e-10,22.348257890937557,400032,9.524571428571429,9,2016,Fall
2016-11-08,25.0,-7.0,10.0,815,1957.1687996003666,16.787576733582227,1.0013192405886364,0.1649097579371406,7.867423164986263e-10,42.16164393776415,754690,17.968809523809522,11,2016,Fall
2017-01-01,15.0,-3.0,5.0,4236,10172.474889702027,87.25420250730592,5.2044028259306305,0.8571260547505859,4.089129389801449e-09,219.13708431947106,3922536,93.39371428571428,1,2017,Winter
2017-02-06,18.0,-5.0,5.0,3232,7761.435043323171,66.57355583182547,3.9708758105306416,0.6539734204329305,3.1199400821147975e-09,167.19807755442173,2992832,71.25790476190477,2,2017,Winter
2017-03-11,21.0,1.0,11.0,2472,5936.345119769456,50.91888304958929,3.0371302610246738,0.500192541865781,2.3862908053798825e-09,127.88169793147603,2289072,54.501714285714286,3,2017,Spring
2017-05-10,35.0,13.0,25.0,2043,4906.129886605581,42.082232229090174,2.5100554705798577,0.4133872827798506,1.9721650952229367e-09,105.68863627589221,1891818,45.043285714285716,5,2017,Spring
2017-06-24,39.0,18.0,30.0,437,1049.4267060433867,9.001436849785808,0.5369036909659314,0.08842400517611097,4.218483341225763e-10,22.60691828319378,404662,9.634809523809524,6,2017,Summer
2017-08-09,38.0,21.0,30.0,357,857.3119772482587,7.353576556918841,0.4386146857547769,0.07223654427430576,3.4462209446626943e-10,18.468352007094232,330582,7.871,8,2017,Summer
2017-09-24,37.0,14.0,27.0,388,931.7564346563709,7.992122420404791,0.4767016752740993,0.07850918537375527,3.745472623330883e-10,20.072046439082808,359288,8.55447619047619,9,2017,Fall
2017-11-08,24.0,2.0,14.0,844,2026.8103887886004,17.384926089746504,1.03694900497768,0.17077771251404497,8.147368283740375e-10,43.66187421285023,781544,18.608190476190476,11,2017,Fall
2017-12-26,20.0,0.0,8.0,3431,8239.320431201053,70.67260831033205,4.2153697109933885,0.694239729426171,3.312040353259861e-09,177.49276116621937,3177106,75.64538095238095,12,2017,Winter
2018-02-07,16.0,-3.0,8.0,3595,8633.155625231066,74.05072191070934,4.416862171676255,0.7274240242748717,3.47035414455529e-09,185.97682203222342,3328970,79.26119047619048,2,2018,Winter
2018-03-14,29.0,4.0,17.0,1886,4529.104731345143,38.84830640433875,2.317163297852967,0.38161939076005785,1.8206085998974345e-09,97.56669995904684,1746436,41.581809523809525,3,2018,Spring
2018-05-10,33.0,10.0,21.0,1522,3654.9827153273104,31.350542071794052,1.8699483241422141,0.30796644365684417,1.4692292094612381e-09,78.7362234027939,1409371,33.55645238095238,5,2018,Spring
2018-06-25,39.0,17.0,29.0,701,1683.4053110673092,14.4393758162468,0.8612574081627412,0.14184262615206816,6.76694924988389e-10,36.26418699432229,649126,15.455380952380953,6,2018,Summer
2018-08-12,39.0,20.0,32.0,505,1212.7242255192455,10.402118098722731,0.6204493453954127,0.1021833469426454,4.874906378304371e-10,26.124699617878395,537773,12.804119047619048,8,2018,Summer
2018-09-29,38.0,17.0,27.0,473,1135.8783340011944,9.742973981575943,0.5811337433109509,0.0957083625819233,4.566001419679144e-10,24.46927310743858,503698,11.992809523809523,9,2018,Fall
2018-11-17,18.0,5.0,11.0,1361,3268.351823627115,28.03422323239928,1.672141701154766,0.27538917859196116,1.3138114021529206e-09,70.40735877214355,1331890,31.711666666666666,11,2018,Fall
2018-12-29,17.0,1.0,9.0,2542,6104.445507465192,52.36076080584788,3.123133140584434,0.5143565701548606,2.453863765079151e-09,131.50294342306313,2415267,57.50635714285714,12,2018,Winter
2019-05-30,34.0,12.0,24.0,1167,2802.47360629893,24.038162022196886,1.4337908635177161,0.23613458590508352,1.1265377709863764e-09,60.371335552602154,1242739,29.58902380952381,5,2019,Spring
2019-07-17,41.0,18.0,33.0,18,43.2258139789038,0.3707685658950676,0.02211502617250976,0.0036421787029061728,1.7375903922669046e-11,0.9311774121223982,19168,0.4563809523809524,7,2019,Summer
2019-09-14,36.0,16.0,27.0,43,103.26166672738131,0.8857249074159949,0.05283034030099554,0.0087007602347203,4.1509103815264946e-11,2.224479373403507,45791,1.0902619047619047,9,2019,Fall
2019-11-09,20.0,1.0,9.0,898,2156.487830725312,18.49723178743171,1.1032940834952092,0.1817042486227635,8.668645401420446e-10,46.45540644921743,913381,21.747166666666665,11,2019,Fall
2020-01-15,12.0,-2.0,4.0,4964,11920.718921737693,102.24973117239531,6.098832773352136,1.0044319489570133,4.791888170673842e-09,256.7980374319769,4694571,111.7755,1,2020,Winter
2020-02-29,18.0,-7.0,7.0,3110,7468.460081910602,64.06056888520335,3.820985077583631,0.6292875425576776,3.0021700666389297e-09,160.88676398336992,2945619,70.13378571428571,2,2020,Winter
2020-04-06,26.0,2.0,15.0,2557,6140.467019114279,52.66973461076044,3.1415623290615255,0.5173917190739491,2.4683436850147085e-09,132.2789245998318,2421850,57.66309523809524,4,2020,Spring
2020-07-14,40.0,20.0,31.0,0,0.0,0.0,0.0,0.0,0.0,0.0,0,0.0,7,2020,Summer
2020-09-01,36.0,15.0,26.0,0,0.0,0.0,0.0,0.0,0.0,0.0,0,0.0,9,2020,Fall
2020-10-19,30.0,9.0,18.0,0,0.0,0.0,0.0,0.0,0.0,0.0,0,0.0,10,2020,Fall
2020-12-08,14.0,-3.0,5.0,1754,4212.115428833182,36.129336921108255,2.154986439254562,0.35491008027207926,1.6931853044645282e-09,90.73806560348258,1697269,40.41116666666667,12,2020,Winter
2021-02-27,20.0,0.0,10.0,2538,6094.839771025436,52.27836779120454,3.1182186903238764,0.5135471971097704,2.4500024530963355e-09,131.29601510925815,2418869,57.59211904761905,2,2021,Winter
2021-04-24,32.0,8.0,22.0,1351,3244.337482527724,27.82824069579091,1.6598555755033715,0.2733657459792355,1.3041581221958823e-09,69.89003798763112,1332859,31.734738095238097,4,2021,Spring
2021-06-03,39.0,22.0,32.0,249,597.957093374836,5.128965161548435,0.30592452871971837,0.050383472056868724,2.4036667093025515e-10,12.881287534359842,265160,6.3133333333333335,6,2021,Summer
2021-07-28,41.0,21.0,32.0,169,405.8423645797079,3.4811048686814683,0.20763552350856387,0.03419601115506351,1.6314043127394827e-10,8.742721258260294,179968,4.284952380952381,7,2021,Summer
2021-09-04,38.0,17.0,28.0,70,168.100387695737,1.4418777562585963,0.08600287955976019,0.01416402828907956,6.757295969926852e-11,3.6212454915871044,74543,1.7748333333333333,9,2021,Fall
2021-10-23,29.0,10.0,18.0,216,518.7097677468456,4.449222790740811,0.26538031407011714,0.04370614443487407,2.0851084707202855e-10,11.174128945468778,230018,5.476619047619048,10,2021,Fall
2021-12-08,18.0,0.0,8.0,2277,5468.0654683313305,46.902223585726055,2.797550810822485,0.46073560591763085,2.1980518462176344e-09,117.79394263348338,2175722,51.80290476190476,12,2021,Winter
2022-01-24,15.0,-5.0,6.0,3715,8921.327718423758,76.52251235000979,4.564295679492987,0.7517052156275795,3.5861935040397502e-09,192.18467144637276,3508771,83.54216666666666,1,2022,Winter
2022-03-13,23.0,0.0,13.0,3365,8080.825779945072,69.3131235687168,4.134281281694186,0.6808850741821817,3.2483287055434076e-09,174.07844398843724,3186133,75.86030952380952,3,2022,Spring
2013-05-13,35.0,20.0,28.0,78,187.3118605752498,1.606663785545293,0.09583178008087563,0.01578277437926008,7.52955836648992e-11,4.0351021191970595,46800,1.1142857142857143,5,2013,Spring
2013-11-11,22.0,3.0,12.0,101,242.5448451038491,2.080423619744546,0.12408986907908255,0.020436669388529078,9.749812756608742e-11,5.224939923575679,30300,0.7214285714285714,11,2013,Fall
2013-12-02,18.0,-5.0,5.0,2060,4946.954266474546,42.43240254132441,2.530941884187228,0.4168271182214842,1.988575671149902e-09,106.56808160956335,618000,14.714285714285714,12,2013,Winter
2014-03-08,26.0,3.0,14.0,1212,2910.5381412461893,24.965083436934552,1.4890784289489905,0.24524003266234895,1.1699775307930492e-09,62.69927908290815,363600,8.657142857142857,3,2014,Spring
2014-04-27,32.0,2.0,20.0,388,931.7564346563709,7.992122420404791,0.4767016752740993,0.07850918537375527,3.745472623330883e-10,20.072046439082808,145830,3.472142857142857,4,2014,Spring
2014-05-28,37.0,14.0,26.0,93,223.3333722243363,1.9156375904578493,0.1142609685579671,0.018817923298348558,8.977550360045673e-11,4.811083295965725,37433,0.8912619047619048,5,2014,Spring
2014-09-30,40.0,16.0,29.0,62,148.8889148162242,1.2770917269718995,0.07617397903864473,0.01254528219889904,5.985033573363783e-11,3.2073888639771497,24955,0.5941666666666666,9,2014,Fall
2014-11-10,19.0,1.0,10.0,189,453.8710467784899,3.89306994189821,0.2322077748113525,0.03824287638051481,1.8244699118802498e-10,9.777362827285183,152145,3.6225,11,2014,Fall
2014-12-16,20.0,-2.0,7.0,1196,2872.115195487164,24.63551137836116,1.4694206279067596,0.2420025404819879,1.1545322828617876e-09,61.871565827688244,962780,22.923333333333332,12,2014,Winter
2015-01-27,18.0,-3.0,7.0,1776,4264.946979251842,36.582498501646675,2.1820159156876295,0.3593616320200757,1.7144225203700126e-09,91.87617132940996,1429680,34.04,1,2015,Winter
2015-03-01,25.0,0.0,13.0,1074,2579.1402340745935,22.122524431739034,1.3195298949597492,0.21731666260673496,1.0367622673859197e-09,55.56025225663643,864570,20.585,3,2015,Spring
2015-04-14,34.0,10.0,22.0,1125,2701.6133736814877,23.173035368441727,1.38218913578186,0.2276361689316358,1.0859939951668154e-09,58.198588257649895,905626,21.56252380952381,4,2015,Spring
2015-05-13,38.0,14.0,28.0,61,146.4874807062851,1.2564934733110624,0.0749453664735053,0.012342938937626474,5.888500773793399e-11,3.1556567855259052,49105,1.1691666666666667,5,2015,Spring
2015-06-29,46.0,23.0,34.0,60,144.086046596346,1.2358952196502253,0.07371675390836586,0.01214059567635391,5.7919679742230153e-11,3.1039247070746607,53385,1.2710714285714286,6,2015,Summer
2015-08-10,42.0,22.0,32.0,34,81.64875973792941,0.7003406244684611,0.04177282721474066,0.006879670883267215,3.282115185393042e-11,1.758890667342308,31474,0.7493809523809524,8,2015,Summer
2015-09-15,30.0,14.0,27.0,30,72.043023298173,0.6179476098251127,0.03685837695418293,0.006070297838176955,2.8959839871115077e-11,1.5519623535373304,27771,0.6612142857142858,9,2015,Fall
2015-11-03,20.0,0.0,11.0,92,220.9319381143972,1.8950393367970122,0.11303235599282767,0.018615580037075995,8.88101756047529e-11,4.75935121751448,85164,2.0277142857142856,11,2015,Fall
2015-12-14,18.0,-3.0,5.0,1169,2807.276474518808,24.079358529518558,1.436248088647995,0.23653927242762865,1.1284684269777841e-09,60.474799709504644,1082460,25.77285714285714,12,2015,Winter
2016-01-25,18.0,-4.0,7.0,1598,3837.491707682682,32.91600935001767,1.963322879092811,0.3233445315135591,1.5425941371347297e-09,82.66786136508847,1479478,35.22566666666667,1,2016,Winter
2016-03-08,26.0,6.0,16.0,1194,2867.3123272672856,24.594314871039487,1.4669634027764809,0.24159785395944278,1.15260162687038e-09,61.768101670785754,1105644,26.324857142857145,3,2016,Spring
2016-04-27,35.0,4.0,20.0,581,1395.2332178746171,11.96758537694635,0.7138239003460095,0.11756143479936035,5.608555655039286e-10,30.056337580172965,538006,12.809666666666667,4,2016,Spring
2016-06-13,42.0,20.0,31.0,74,177.7061241354934,1.5242707709019447,0.0909173298203179,0.014973401334169821,7.143427168208385e-11,3.828173805392082,68524,1.6315238095238096,6,2016,Summer
2016-07-24,44.0,24.0,34.0,2,4.8028682198782,0.04119650732167418,0.0024572251302788623,0.0004046865225451303,1.9306559914076718e-12,0.1034641569024887,1852,0.0440952380952381,7,2016,Summer
2016-08-29,42.0,20.0,31.0,4,9.6057364397564,0.08239301464334836,0.004914450260557725,0.0008093730450902606,3.8613119828153436e-12,0.2069283138049774,3704,0.0881904761904762,8,2016,Summer
2016-10-03,31.0,10.0,20.0,13,31.218643429208303,0.2677772975908822,0.015971963346812605,0.002630462396543347,1.2549263944149867e-11,0.6725170198661765,12038,0.2866190476190476,10,2016,Fall
2016-11-08,30.0,-9.0,10.0,25,60.0358527484775,0.5149563415209273,0.030715314128485778,0.005058581531814129,2.4133199892595897e-11,1.2933019612811087,23150,0.5511904761904762,11,2016,Fall
2016-12-18,19.0,-4.0,6.0,1106,2655.986125592645,22.781668548885822,1.3588454970442108,0.22379164696745704,1.0676527632484425e-09,57.21567876707625,1024156,24.384666666666668,12,2016,Winter
2017-01-28,15.0,-2.0,6.0,1636,3928.7462038603676,33.69874298912948,2.0100101565681094,0.3310335754419166,1.5792766009714756e-09,84.63368034623575,1514936,36.06990476190476,1,2017,Winter
2017-03-11,25.0,3.0,13.0,1673,4017.5992659281146,34.46087837458045,2.0554688214782684,0.3385202761090015,1.6149937368125173e-09,86.54776724893179,1549198,36.885666666666665,3,2017,Spring
2017-04-23,33.0,5.0,20.0,1084,2603.1545751739845,22.328506968347405,1.3318160206111433,0.21934009521946063,1.0464155473429582e-09,56.077573041148874,1003784,23.899619047619048,4,2017,Spring
2017-05-24,39.0,15.0,27.0,44,105.6631008373204,0.906323161076832,0.05405895286613497,0.008903103495992866,4.247443181096878e-11,2.2762114518547514,40744,0.9700952380952381,5,2017,Spring
2017-07-10,43.0,22.0,33.0,3,7.204302329817301,0.06179476098251127,0.0036858376954182932,0.0006070297838176955,2.8959839871115077e-12,0.15519623535373306,2778,0.06614285714285714,7,2017,Summer
2017-09-21,40.0,15.0,27.0,6,14.408604659634602,0.12358952196502254,0.0073716753908365865,0.001214059567635391,5.791967974223015e-12,0.3103924707074661,5556,0.13228571428571428,9,2017,Fall
2017-10-30,35.0,9.0,20.0,44,105.6631008373204,0.906323161076832,0.05405895286613497,0.008903103495992866,4.247443181096878e-11,2.2762114518547514,40744,0.9700952380952381,10,2017,Fall
2017-12-09,22.0,-4.0,8.0,620,1488.889148162242,12.770917269718996,0.7617397903864473,0.12545282198899038,5.985033573363783e-10,32.073888639771496,574120,13.66952380952381,12,2017,Winter
2018-01-14,17.0,-8.0,6.0,1309,3143.477249910282,26.963114042035752,1.6082538477675155,0.2648673290057878,1.2636143463763212e-09,67.71729069267886,1212134,28.860333333333333,1,2018,Winter
2018-02-21,22.0,-1.0,10.0,1544,3707.8142657459707,31.803703652332466,1.8969778005752818,0.3124179954048406,1.4904664253667227e-09,79.87432912872127,1429744,34.04152380952381,2,2018,Winter
2018-04-03,29.0,4.0,18.0,500,1200.71705496955,10.299126830418546,0.6143062825697155,0.10117163063628257,4.826639978519179e-10,25.866039225622174,463000,11.023809523809524,4,2018,Spring
2018-05-07,38.0,13.0,23.0,121,290.57352730263113,2.492388692961288,0.14866212038187118,0.02448353461398038,1.1680468748016415e-10,6.259581492600566,112046,2.6677619047619046,5,2018,Spring
2018-06-27,42.0,20.0,31.0,55,132.0788760466505,1.13290395134604,0.06757369108266871,0.011128879369991082,5.309303976371098e-11,2.845264314818439,50930,1.2126190476190477,6,2018,Summer
2018-07-30,45.0,24.0,35.0,0,0.0,0.0,0.0,0.0,0.0,0.0,0,0.0,7,2018,Summer
2018-09-18,40.0,17.0,28.0,0,0.0,0.0,0.0,0.0,0.0,0.0,0,0.0,9,2018,Fall
2018-10-20,35.0,9.0,21.0,14,33.6200775391474,0.28837555125171926,0.017200575911952037,0.002832805657815912,1.3514591939853702e-11,0.7242490983174209,14909,0.3549761904761905,10,2018,Fall
2018-12-01,20.0,-2.0,9.0,604,1450.4662024032164,12.441345211145602,0.7420819893442164,0.12221532980862934,5.830581094051168e-10,31.246175384551588,620679,14.778071428571428,12,2018,Winter
2019-02-13,20.0,-1.0,9.0,2559,6145.269887334157,52.710931118082115,3.144019554191804,0.5177964055964942,2.4702743410061162e-09,132.3823887567343,2477771,58.994547619047616,2,2019,Winter
2019-04-29,33.0,7.0,18.0,1123,2696.8105054616094,23.131838861120052,1.379731910651581,0.22723148240909066,1.0840633391754077e-09,58.095124100747405,367838,8.75804761904762,4,2019,Spring
2019-07-22,45.0,25.0,36.0,40,96.057364397564,0.8239301464334836,0.04914450260557725,0.008093730450902606,3.8613119828153436e-11,2.069283138049774,0,0.0,7,2019,Summer
2019-08-27,45.0,22.0,33.0,0,0.0,0.0,0.0,0.0,0.0,0.0,0,0.0,8,2019,Summer
2019-09-30,40.0,18.0,29.0,1,2.4014341099391,0.02059825366083709,0.0012286125651394311,0.00020234326127256514,9.653279957038359e-13,0.05173207845124435,0,0.0,9,2019,Fall
2019-11-13,24.0,2.0,11.0,3,7.204302329817301,0.06179476098251127,0.0036858376954182932,0.0006070297838176955,2.8959839871115077e-12,0.15519623535373306,0,0.0,11,2019,Fall
2019-12-17,20.0,0.0,8.0,1939,4656.380739171915,39.940013848363115,2.382279763805357,0.3923435836075038,1.871770983669738e-09,100.30850011696279,0,0.0,12,2019,Winter
2020-01-25,17.0,-1.0,5.0,1862,4471.470312706604,38.353948316478665,2.2876765962896206,0.3767631524895163,1.7974407280005424e-09,96.32513007621698,0,0.0,1,2020,Winter
2020-06-16,42.0,22.0,32.0,1617,3883.1189557715247,33.30737616957357,1.98666651783046,0.32718905347773786,1.5609353690531026e-09,83.65077085566212,0,0.0,6,2020,Summer
2020-07-13,44.0,24.0,34.0,0,0.0,0.0,0.0,0.0,0.0,0.0,0,0.0,7,2020,Summer
2020-08-25,43.0,21.0,32.0,0,0.0,0.0,0.0,0.0,0.0,0.0,0,0.0,8,2020,Summer
2020-10-04,32.0,8.0,19.0,0,0.0,0.0,0.0,0.0,0.0,0.0,0,0.0,10,2020,Fall
2020-11-10,28.0,4.0,12.0,32,76.8458915180512,0.6591441171467869,0.0393156020844618,0.006474984360722085,3.089049586252275e-11,1.6554265104398191,0,0.0,11,2020,Fall
2020-12-16,14.0,-4.0,6.0,140,336.200775391474,2.8837555125171925,0.17200575911952037,0.02832805657815912,1.3514591939853704e-10,7.242490983174209,0,0.0,12,2020,Winter
2021-01-27,18.0,-4.0,5.0,590,1416.846124864069,12.152969659893884,0.7248814134322644,0.11938252415081343,5.695435174652632e-10,30.521926286234166,0,0.0,1,2021,Winter
2021-04-27,36.0,10.0,24.0,877,2106.057714416591,18.064668460554127,1.077493219627281,0.17745504013603963,8.465926522322641e-10,45.36903280174129,0,0.0,4,2021,Spring
2021-06-12,43.0,22.0,34.0,2,4.8028682198782,0.04119650732167418,0.0024572251302788623,0.0004046865225451303,1.9306559914076718e-12,0.1034641569024887,0,0.0,6,2021,Summer
2021-07-19,46.0,25.0,36.0,0,0.0,0.0,0.0,0.0,0.0,0.0,0,0.0,7,2021,Summer
2021-09-02,42.0,16.0,29.0,0,0.0,0.0,0.0,0.0,0.0,0.0,0,0.0,9,2021,Fall
2021-10-06,32.0,6.0,19.0,0,0.0,0.0,0.0,0.0,0.0,0.0,0,0.0,10,2021,Fall
2021-11-24,28.0,4.0,12.0,848,2036.4161252283568,17.46731910438985,1.0418634552382375,0.17158708555913524,8.185981403568528e-10,43.86880252665521,559577,13.323261904761905,11,2021,Fall
2022-01-02,19.0,-7.0,6.0,645,1548.9250009107195,13.285873611239923,0.7924551045149331,0.1305114035208045,6.226365572289741e-10,33.367190601052606,0,0.0,1,2022,Winter
2022-02-09,22.0,-3.0,10.0,760,1825.089923553716,15.654672782236188,0.9337455495059677,0.1537808785671495,7.336492767349153e-10,39.3163796229457,0,0.0,2,2022,Winter
2022-05-08,37.0,13.0,26.0,880,2113.262016746408,18.12646322153664,1.0811790573226994,0.17806206991985732,8.494886362193756e-10,45.524229037095026,0,0.0,5,2022,Spring
2022-06-14,44.0,21.0,34.0,37,88.8530620677467,0.7621353854509724,0.04545866491015895,0.0074867006670849105,3.5717135841041925e-11,1.914086902696041,0,0.0,6,2022,Summer
2022-07-19,44.0,22.0,34.0,35,84.0501938478685,0.7209388781292981,0.043001439779880093,0.00708201414453978,3.378647984963426e-11,1.8106227457935522,0,0.0,7,2022,Summer
2022-08-24,43.0,19.0,32.0,36,86.4516279578076,0.7415371317901353,0.04423005234501952,0.0072843574058123455,3.475180784533809e-11,1.8623548242447965,0,0.0,8,2022,Summer
2014-02-08,22.0,-9.0,6.0,4505,10818.460665275647,92.79513274207109,5.534899605953138,0.911556392032906,4.348802620645781e-09,233.0530134228558,1304253,31.053642857142858,2,2014,Winter
2014-11-10,19.0,1.0,10.0,935,2245.3408927930586,19.25936717288268,1.1487527484053681,0.18919094928984842,9.025816759830866e-10,48.36949335191346,427737,10.184214285714285,11,2014,Fall
2015-01-20,18.0,-3.0,7.0,1702,4087.2408551163485,35.058227730744726,2.0910985858673117,0.34438823068590585,1.6429882486879286e-09,88.04799752401789,1370110,32.62166666666667,1,2015,Winter
2015-03-02,25.0,0.0,13.0,811,1947.5630631606102,16.70518371893888,0.9964047903280787,0.16410038489205034,7.828810045158109e-10,41.95471562395917,652855,15.544166666666667,3,2015,Spring
2015-05-12,38.0,14.0,28.0,188,451.46961266855084,3.872471688237373,0.23097916224621307,0.03804053311924225,1.8148166319232116e-10,9.725630748833938,151341,3.603357142857143,5,2015,Spring
2015-08-10,42.0,22.0,32.0,0,0.0,0.0,0.0,0.0,0.0,0.0,0,0.0,8,2015,Summer
2015-10-31,35.0,10.0,22.0,3,7.204302329817301,0.06179476098251127,0.0036858376954182932,0.0006070297838176955,2.8959839871115077e-12,0.15519623535373306,2777,0.06611904761904762,10,2015,Fall
2015-12-19,18.0,-3.0,5.0,707,1697.8139157269438,14.562965338211823,0.8686290835535778,0.14305668571970356,6.82486892962612e-10,36.57457946502976,654652,15.586952380952381,12,2015,Winter
2016-02-01,24.0,-3.0,11.0,914,2194.9107764843375,18.8268038460051,1.12295188453744,0.18494174080312453,8.82309788073306e-10,47.28311970443733,846364,20.15152380952381,2,2016,Winter
2016-03-08,26.0,6.0,16.0,471,1131.075465781316,9.70177747425427,0.5786765181806721,0.09530367605937819,4.546694859765067e-10,24.36580895053609,436146,10.384428571428572,3,2016,Spring
2016-05-01,39.0,14.0,27.0,26,62.437286858416606,0.5355545951817644,0.03194392669362521,0.005260924793086694,2.5098527888299733e-11,1.345034039732353,24076,0.5732380952380952,5,2016,Spring
2016-08-29,42.0,20.0,31.0,6,14.408604659634602,0.12358952196502254,0.0073716753908365865,0.001214059567635391,5.791967974223015e-12,0.3103924707074661,5556,0.13228571428571428,8,2016,Summer
2016-10-04,31.0,10.0,20.0,4,9.6057364397564,0.08239301464334836,0.004914450260557725,0.0008093730450902606,3.8613119828153436e-12,0.2069283138049774,3704,0.0881904761904762,10,2016,Fall
2016-11-09,30.0,-9.0,10.0,51,122.47313960689411,1.0505109367026917,0.062659240822111,0.010319506324900822,4.9231727780895634e-11,2.6383360010134616,47226,1.1244285714285713,11,2016,Fall
2016-12-18,19.0,-4.0,6.0,476,1143.0826363310116,9.804768742558455,0.5848195810063692,0.096315392365741,4.594961259550259e-10,24.62446934279231,440776,10.494666666666667,12,2016,Winter
2017-01-29,15.0,-2.0,6.0,859,2062.831900437687,17.69389989465906,1.0553781934547715,0.17381286143313346,8.292167483095951e-10,44.437855389618896,795434,18.938904761904762,1,2017,Winter
2017-03-11,25.0,3.0,13.0,694,1666.5952722977354,14.29518804062094,0.8526571202067652,0.1404262233231602,6.699376290184621e-10,35.90206244516358,642644,15.301047619047619,3,2017,Spring
2017-04-24,33.0,5.0,20.0,68,163.29751947585882,1.4006812489369223,0.08354565442948132,0.01375934176653443,6.564230370786084e-11,3.517781334684616,62968,1.4992380952380953,4,2017,Spring
2017-05-23,39.0,15.0,27.0,8,19.2114728795128,0.16478602928669672,0.00982890052111545,0.0016187460901805212,7.722623965630687e-12,0.4138566276099548,7408,0.1763809523809524,5,2017,Spring
2017-08-12,41.0,18.0,31.0,0,0.0,0.0,0.0,0.0,0.0,0.0,0,0.0,8,2017,Summer
2017-09-19,40.0,15.0,27.0,0,0.0,0.0,0.0,0.0,0.0,0.0,0,0.0,9,2017,Fall
2017-10-21,35.0,9.0,20.0,2,4.8028682198782,0.04119650732167418,0.0024572251302788623,0.0004046865225451303,1.9306559914076718e-12,0.1034641569024887,1852,0.0440952380952381,10,2017,Fall
2017-12-03,22.0,-4.0,8.0,180,432.258139789038,3.7076856589506764,0.2211502617250976,0.03642178702906173,1.7375903922669045e-10,9.311774121223984,166680,3.9685714285714284,12,2017,Winter
2018-01-09,17.0,-8.0,6.0,620,1488.889148162242,12.770917269718996,0.7617397903864473,0.12545282198899038,5.985033573363783e-10,32.073888639771496,574120,13.66952380952381,1,2018,Winter
2018-02-14,22.0,-1.0,10.0,720,1729.032559156152,14.830742635802705,0.8846010469003904,0.14568714811624692,6.950361569067618e-10,37.247096484895934,666720,15.874285714285714,2,2018,Winter
2018-05-01,38.0,13.0,23.0,157,377.02515526043874,3.2339258247514233,0.1928921727268907,0.03176789201979273,1.5155649532550223e-10,8.121936316845362,145382,3.4614761904761906,5,2018,Spring
2018-06-23,42.0,20.0,31.0,3,7.204302329817301,0.06179476098251127,0.0036858376954182932,0.0006070297838176955,2.8959839871115077e-12,0.15519623535373306,2778,0.06614285714285714,6,2018,Summer
2018-07-31,45.0,24.0,35.0,0,0.0,0.0,0.0,0.0,0.0,0.0,0,0.0,7,2018,Summer
2018-09-12,40.0,17.0,28.0,1,2.4014341099391,0.02059825366083709,0.0012286125651394311,0.00020234326127256514,9.653279957038359e-13,0.05173207845124435,1065,0.025357142857142856,9,2018,Fall
2018-10-21,35.0,9.0,21.0,7,16.8100387695737,0.14418777562585963,0.008600287955976019,0.001416402828907956,6.757295969926851e-12,0.36212454915871045,7454,0.17747619047619048,10,2018,Fall
2018-11-27,22.0,3.0,12.0,243,583.5484887152013,5.005375639583413,0.29855285332888176,0.04916941248923333,2.345747029560321e-10,12.570895063652376,258770,6.161190476190476,11,2018,Fall
2019-01-02,19.0,-4.0,6.0,589,1414.44469075413,12.132371406233046,0.7236528008671249,0.11918018088954087,5.685781894695594e-10,30.47019420778292,578293,13.768880952380952,1,2019,Winter
2019-02-01,20.0,-1.0,9.0,851,2043.6204275581742,17.529113865372363,1.0455492929336558,0.17219411534295292,8.214941243439643e-10,44.023998762008944,825472,19.654095238095238,2,2019,Winter
2019-03-19,22.0,2.0,12.0,499,1198.315620859611,10.278528576757708,0.6130776700045761,0.10096928737501,4.816986698562141e-10,25.81430714717093,494040,11.762857142857143,3,2019,Spring
2019-05-01,38.0,16.0,27.0,143,343.4050777212913,2.945550273499704,0.17569159681493865,0.028935086361976815,1.3804190338564852e-10,7.397687218527942,60203,1.4334047619047618,5,2019,Spring
2019-06-15,44.0,19.0,33.0,3,7.204302329817301,0.06179476098251127,0.0036858376954182932,0.0006070297838176955,2.8959839871115077e-12,0.15519623535373306,0,0.0,6,2019,Summer
2019-07-21,45.0,25.0,36.0,4,9.6057364397564,0.08239301464334836,0.004914450260557725,0.0008093730450902606,3.8613119828153436e-12,0.2069283138049774,0,0.0,7,2019,Summer
2019-08-26,45.0,22.0,33.0,0,0.0,0.0,0.0,0.0,0.0,0.0,0,0.0,8,2019,Summer
2019-10-01,34.0,10.0,20.0,0,0.0,0.0,0.0,0.0,0.0,0.0,0,0.0,10,2019,Fall
2019-11-09,24.0,2.0,11.0,123,295.3763955225093,2.533585200282962,0.15111934551215003,0.02488822113652551,1.1873534347157182e-10,6.3630456495030545,0,0.0,11,2019,Fall
2019-12-14,20.0,0.0,8.0,640,1536.917830361024,13.182882342935738,0.786312041689236,0.1294996872144417,6.17809917250455e-10,33.10853020879638,624606,14.871571428571428,12,2019,Winter
2020-01-15,17.0,-1.0,5.0,572,1373.6203108851653,11.782201093998816,0.7027663872597546,0.11574034544790726,5.521676135425941e-10,29.590748874111767,558898,13.307095238095238,1,2020,Winter
2020-02-24,24.0,-6.0,9.0,702,1685.8067451772483,14.459974069907638,0.8624860207278807,0.14204496941334074,6.776602529840928e-10,36.31591907277353,686585,16.347261904761904,2,2020,Winter
2020-04-25,32.0,6.0,17.0,15,36.0215116490865,0.3089738049125563,0.018429188477091466,0.0030351489190884773,1.4479919935557538e-11,0.7759811767686652,0,0.0,4,2020,Spring
2020-06-14,42.0,22.0,32.0,0,0.0,0.0,0.0,0.0,0.0,0.0,0,0.0,6,2020,Summer
2020-07-14,44.0,24.0,34.0,0,0.0,0.0,0.0,0.0,0.0,0.0,0,0.0,7,2020,Summer
2020-08-20,43.0,21.0,32.0,0,0.0,0.0,0.0,0.0,0.0,0.0,0,0.0,8,2020,Summer
2020-09-30,38.0,13.0,27.0,0,0.0,0.0,0.0,0.0,0.0,0.0,0,0.0,9,2020,Fall
2020-11-08,28.0,4.0,12.0,0,0.0,0.0,0.0,0.0,0.0,0.0,0,0.0,11,2020,Fall
2020-12-16,14.0,-4.0,6.0,0,0.0,0.0,0.0,0.0,0.0,0.0,0,0.0,12,2020,Winter
2021-01-25,18.0,-4.0,5.0,268,643.5843414636788,5.5203319811043405,0.32926816745736753,0.05422799402104746,2.5870790284862803e-10,13.864197024933485,0,0.0,1,2021,Winter
2021-03-01,31.0,2.0,16.0,630,1512.903489261633,12.976899806327367,0.7740259160378417,0.12747625460171605,6.081566372934166e-10,32.59120942428394,615346,14.651095238095238,3,2021,Spring
2021-04-17,36.0,10.0,24.0,0,0.0,0.0,0.0,0.0,0.0,0.0,0,0.0,4,2021,Spring
2021-06-13,43.0,22.0,34.0,0,0.0,0.0,0.0,0.0,0.0,0.0,0,0.0,6,2021,Summer
2021-08-30,43.0,22.0,33.0,77,184.9104264653107,1.5860655318844559,0.09460316751573619,0.015580431117987516,7.433025566919536e-11,3.983370040745815,0,0.0,8,2021,Summer
2021-10-16,32.0,6.0,19.0,2,4.8028682198782,0.04119650732167418,0.0024572251302788623,0.0004046865225451303,1.9306559914076718e-12,0.1034641569024887,0,0.0,10,2021,Fall
2021-11-22,28.0,4.0,12.0,282,677.2044190028263,5.80870753235606,0.3464687433693196,0.05706079967886337,2.722224947884817e-10,14.588446123250906,0,0.0,11,2021,Fall
2021-12-27,18.0,0.0,8.0,477,1145.4840704409507,9.825366996219293,0.5860481935715086,0.09651773562701357,4.604614539507297e-10,24.676201421243555,473668,11.277809523809523,12,2021,Winter
2022-02-07,22.0,-3.0,10.0,748,1796.272714234447,15.407493738306144,0.9190021987242945,0.15135275943187873,7.220653407864693e-10,38.69559468153077,731007,17.40492857142857,2,2022,Winter
2016-02-08,24.0,-3.0,11.0,129,309.7850001821439,2.6571747222479845,0.1584910209029866,0.026102280704160905,1.2452731144579484e-10,6.673438120210521,119454,2.8441428571428573,2,2016,Winter
2016-07-13,44.0,24.0,34.0,0,0.0,0.0,0.0,0.0,0.0,0.0,0,0.0,7,2016,Summer
2016-10-22,31.0,10.0,20.0,0,0.0,0.0,0.0,0.0,0.0,0.0,0,0.0,10,2016,Fall
2016-11-24,30.0,-9.0,10.0,0,0.0,0.0,0.0,0.0,0.0,0.0,0,0.0,11,2016,Fall
2017-01-02,15.0,-2.0,6.0,89,213.72763578457992,1.833244575814501,0.10934651829740938,0.018008550253258298,8.591419161764139e-11,4.604154982160747,82414,1.9622380952380953,1,2017,Winter
2017-02-15,19.0,-6.0,7.0,1,2.4014341099391,0.02059825366083709,0.0012286125651394311,0.00020234326127256514,9.653279957038359e-13,0.05173207845124435,926,0.02204761904761905,2,2017,Winter
2017-05-02,39.0,15.0,27.0,6,14.408604659634602,0.12358952196502254,0.0073716753908365865,0.001214059567635391,5.791967974223015e-12,0.3103924707074661,5556,0.13228571428571428,5,2017,Spring
2017-06-12,43.0,19.0,32.0,2,4.8028682198782,0.04119650732167418,0.0024572251302788623,0.0004046865225451303,1.9306559914076718e-12,0.1034641569024887,1852,0.0440952380952381,6,2017,Summer
2017-07-19,43.0,22.0,33.0,0,0.0,0.0,0.0,0.0,0.0,0.0,0,0.0,7,2017,Summer
2017-08-26,41.0,18.0,31.0,0,0.0,0.0,0.0,0.0,0.0,0.0,0,0.0,8,2017,Summer
2017-10-03,35.0,9.0,20.0,0,0.0,0.0,0.0,0.0,0.0,0.0,0,0.0,10,2017,Fall
2017-11-05,28.0,1.0,13.0,1,2.4014341099391,0.02059825366083709,0.0012286125651394311,0.00020234326127256514,9.653279957038359e-13,0.05173207845124435,926,0.02204761904761905,11,2017,Fall
2017-12-20,22.0,-4.0,8.0,900,2161.29069894519,18.53842829475338,1.105751308625488,0.18210893514530863,8.687951961334523e-10,46.55887060611991,833400,19.84285714285714,12,2017,Winter
2018-02-28,22.0,-1.0,10.0,2100,5043.01163087211,43.25633268775789,2.5800863867928054,0.42492084867238683,2.0271887909780556e-09,108.63736474761313,1944600,46.3,2,2018,Winter
2018-04-11,29.0,4.0,18.0,103,247.3477133237273,2.1216201270662203,0.12654709420936142,0.02084135591107421,9.94287835574951e-11,5.328404080478168,95378,2.2709047619047618,4,2018,Spring
2018-09-26,40.0,17.0,28.0,6,14.408604659634602,0.12358952196502254,0.0073716753908365865,0.001214059567635391,5.791967974223015e-12,0.3103924707074661,6047,0.14397619047619048,9,2018,Fall
2018-12-07,20.0,-2.0,9.0,0,0.0,0.0,0.0,0.0,0.0,0.0,0,0.0,12,2018,Winter
2019-04-08,33.0,7.0,18.0,10022,24067.17264980966,206.43569818890933,12.313155127827379,2.027884164473648,9.674517172943843e-09,518.4588902383708,9726069,231.57307142857144,4,2019,Spring
2019-05-14,38.0,16.0,27.0,4,9.6057364397564,0.08239301464334836,0.004914450260557725,0.0008093730450902606,3.8613119828153436e-12,0.2069283138049774,0,0.0,5,2019,Spring
2019-09-16,40.0,18.0,29.0,0,0.0,0.0,0.0,0.0,0.0,0.0,0,0.0,9,2019,Fall
2019-10-10,34.0,10.0,20.0,0,0.0,0.0,0.0,0.0,0.0,0.0,0,0.0,10,2019,Fall
2020-03-09,26.0,5.0,14.0,8105,19463.623461056406,166.94884592108463,9.95790484045509,1.6399921326141405,7.823983405179589e-09,419.28849584733547,1493989,35.57116666666667,3,2020,Spring
2020-05-09,40.0,11.0,27.0,0,0.0,0.0,0.0,0.0,0.0,0.0,0,0.0,5,2020,Spring
2020-06-24,42.0,22.0,32.0,0,0.0,0.0,0.0,0.0,0.0,0.0,0,0.0,6,2020,Summer
2020-07-30,44.0,24.0,34.0,0,0.0,0.0,0.0,0.0,0.0,0.0,0,0.0,7,2020,Summer
2020-09-05,38.0,13.0,27.0,0,0.0,0.0,0.0,0.0,0.0,0.0,0,0.0,9,2020,Fall
2020-10-06,32.0,8.0,19.0,0,0.0,0.0,0.0,0.0,0.0,0.0,0,0.0,10,2020,Fall
2020-11-17,28.0,4.0,12.0,151,362.6165506008041,3.1103363027864006,0.1855204973360541,0.030553832452157335,1.457645273512792e-10,7.811543846137897,0,0.0,11,2020,Fall
2020-12-23,14.0,-4.0,6.0,2157,5179.893375138639,44.43043314642561,2.6501173030057528,0.436454414564923,2.082212486733174e-09,111.58609321933406,0,0.0,12,2020,Winter
2021-02-02,25.0,1.0,11.0,3210,7708.603492904512,66.12039425128707,3.943846334097574,0.6495218686849341,3.098702866209313e-09,166.05997182849435,0,0.0,2,2021,Winter
2021-03-25,31.0,2.0,16.0,4396,10556.704347292283,90.54992309303985,5.4009808363529395,0.8895009765541964,4.2435818691140625e-09,227.41421687167016,0,0.0,3,2021,Spring
2021-05-11,41.0,16.0,27.0,198,475.48395376794184,4.078454224845744,0.24326528789760737,0.040063965731967896,1.911349431493595e-10,10.24295153334638,0,0.0,5,2021,Spring
2021-06-22,43.0,22.0,34.0,0,0.0,0.0,0.0,0.0,0.0,0.0,0,0.0,6,2021,Summer
2021-08-01,43.0,22.0,33.0,0,0.0,0.0,0.0,0.0,0.0,0.0,0,0.0,8,2021,Summer
2021-09-07,42.0,16.0,29.0,0,0.0,0.0,0.0,0.0,0.0,0.0,0,0.0,9,2021,Fall
2021-10-23,32.0,6.0,19.0,0,0.0,0.0,0.0,0.0,0.0,0.0,0,0.0,10,2021,Fall
2021-11-29,28.0,4.0,12.0,1120,2689.606203131792,23.07004410013754,1.376046072956163,0.22662445262527295,1.0811673551882963e-09,57.93992786539367,475253,11.315547619047619,11,2021,Fall
2022-01-09,19.0,-7.0,6.0,3660,8789.248842377106,75.38960839866375,4.496721988410318,0.7405763362575885,3.533100464276039e-09,189.3394071315543,0,0.0,1,2022,Winter
2022-04-05,34.0,11.0,23.0,7163,17201.472529493774,147.54529097257608,8.800551804093745,1.449384780495384,6.9146444332265765e-09,370.5568779462633,0,0.0,4,2022,Spring
2015-01-17,18.0,-3.0,7.0,3645,8753.22733072802,75.0806345937512,4.478292799933227,0.7375411873384999,3.5186205443404817e-09,188.56342595478566,1523615,36.27654761904762,1,2015,Winter
2015-04-05,34.0,10.0,22.0,1262,3030.6098467431443,25.99499611997641,1.550509057205962,0.2553571957259772,1.2182439305782409e-09,65.28588300547037,1015910,24.188333333333333,4,2015,Spring
2015-05-10,38.0,14.0,28.0,4,9.6057364397564,0.08239301464334836,0.004914450260557725,0.0008093730450902606,3.8613119828153436e-12,0.2069283138049774,3220,0.07666666666666666,5,2015,Spring
2015-06-18,46.0,23.0,34.0,0,0.0,0.0,0.0,0.0,0.0,0.0,0,0.0,6,2015,Summer
2016-12-25,19.0,-4.0,6.0,2788,6695.198298510211,57.42793120641381,3.425371831608734,0.5641330124279116,2.6913344520222943e-09,144.22903472206923,2581474,61.46366666666667,12,2016,Winter
2017-01-18,15.0,-2.0,6.0,379,910.143527666919,7.806738137457257,0.4656441621878444,0.07668809602230219,3.658593103717538e-10,19.606457733021607,350954,8.356047619047619,1,2017,Winter
2017-03-01,25.0,3.0,13.0,654,1570.5379079001714,13.471257894187458,0.803512617601188,0.1323324928722576,6.313245091903087e-10,33.8327793071138,605604,14.419142857142857,3,2017,Spring
2017-04-10,33.0,5.0,20.0,111,266.55918620324013,2.286406156352917,0.13637599473047685,0.02246010200125473,1.0715140752312579e-10,5.742260708088122,102786,2.447285714285714,4,2017,Spring
2017-05-13,39.0,15.0,27.0,0,0.0,0.0,0.0,0.0,0.0,0.0,0,0.0,5,2017,Spring
2017-06-28,43.0,19.0,32.0,0,0.0,0.0,0.0,0.0,0.0,0.0,0,0.0,6,2017,Summer
2017-10-16,35.0,9.0,20.0,0,0.0,0.0,0.0,0.0,0.0,0.0,0,0.0,10,2017,Fall
2017-11-20,28.0,1.0,13.0,0,0.0,0.0,0.0,0.0,0.0,0.0,0,0.0,11,2017,Fall
2018-01-02,17.0,-8.0,6.0,332,797.2761244997812,6.838620215397914,0.40789937162629114,0.06717796274249163,3.2048889457367353e-10,17.175050045813123,307432,7.319809523809524,1,2018,Winter
2018-04-23,29.0,4.0,18.0,543,1303.9787216969314,11.18485173783454,0.6671366228707111,0.10987239087100287,5.241731016671829e-10,28.090518599025682,502818,11.971857142857143,4,2018,Spring
2018-12-26,20.0,-2.0,9.0,208,499.49829486733285,4.284436761454115,0.2555514135490017,0.04208739834469355,2.0078822310639786e-10,10.760272317858824,214833,5.1150714285714285,12,2018,Winter
2019-02-05,20.0,-1.0,9.0,219,525.9140700766629,4.511017551723323,0.26906615176553544,0.04431317421869177,2.1140683105914006e-10,11.329325180822511,233213,5.5526904761904765,2,2019,Winter
2019-03-13,22.0,2.0,12.0,424,1018.2080626141784,8.733659552194926,0.5209317276191188,0.08579354277956762,4.092990701784264e-10,21.934401263327604,445231,10.600738095238095,3,2019,Spring
2019-04-28,33.0,7.0,18.0,336,806.8818609395377,6.921013230041263,0.41281382188684884,0.06798733578758188,3.2435020655648886e-10,17.381978359618103,178902,4.259571428571428,4,2019,Spring
2019-06-18,44.0,19.0,33.0,0,0.0,0.0,0.0,0.0,0.0,0.0,0,0.0,6,2019,Summer
2019-07-16,45.0,25.0,36.0,0,0.0,0.0,0.0,0.0,0.0,0.0,0,0.0,7,2019,Summer
2019-08-18,45.0,22.0,33.0,0,0.0,0.0,0.0,0.0,0.0,0.0,0,0.0,8,2019,Summer
2019-09-26,40.0,18.0,29.0,0,0.0,0.0,0.0,0.0,0.0,0.0,0,0.0,9,2019,Fall
2019-11-02,24.0,2.0,11.0,0,0.0,0.0,0.0,0.0,0.0,0.0,0,0.0,11,2019,Fall
2020-02-05,24.0,-6.0,9.0,1050,2521.505815436055,21.628166343878945,1.2900431933964027,0.21246042433619342,1.0135943954890278e-09,54.31868237380657,0,0.0,2,2020,Winter
2020-02-15,24.0,-6.0,9.0,59,141.6846124864069,1.2152969659893884,0.07248814134322644,0.011938252415081344,5.695435174652632e-11,3.0521926286234167,0,0.0,2,2020,Winter
2020-04-04,32.0,6.0,17.0,358,859.7134113581978,7.374174810579678,0.43984329831991636,0.07243888753557833,3.4558742246197325e-10,18.520084085545477,0,0.0,4,2020,Spring
2020-04-27,32.0,6.0,17.0,0,0.0,0.0,0.0,0.0,0.0,0.0,0,0.0,4,2020,Spring
2020-07-13,44.0,24.0,34.0,0,0.0,0.0,0.0,0.0,0.0,0.0,0,0.0,7,2020,Summer
2020-08-18,43.0,21.0,32.0,0,0.0,0.0,0.0,0.0,0.0,0.0,0,0.0,8,2020,Summer
2020-09-24,38.0,13.0,27.0,0,0.0,0.0,0.0,0.0,0.0,0.0,0,0.0,9,2020,Fall
2020-11-02,28.0,4.0,12.0,0,0.0,0.0,0.0,0.0,0.0,0.0,0,0.0,11,2020,Fall
2021-02-24,25.0,1.0,11.0,9,21.6129069894519,0.1853842829475338,0.01105751308625488,0.0018210893514530864,8.687951961334523e-12,0.4655887060611991,0,0.0,2,2021,Winter
2021-04-15,36.0,10.0,24.0,0,0.0,0.0,0.0,0.0,0.0,0.0,0,0.0,4,2021,Spring
2021-06-01,43.0,22.0,34.0,0,0.0,0.0,0.0,0.0,0.0,0.0,0,0.0,6,2021,Summer
2021-07-12,46.0,25.0,36.0,0,0.0,0.0,0.0,0.0,0.0,0.0,0,0.0,7,2021,Summer
2021-10-03,32.0,6.0,19.0,3,7.204302329817301,0.06179476098251127,0.0036858376954182932,0.0006070297838176955,2.8959839871115077e-12,0.15519623535373306,0,0.0,10,2021,Fall
2021-11-02,28.0,4.0,12.0,103,247.3477133237273,2.1216201270662203,0.12654709420936142,0.02084135591107421,9.94287835574951e-11,5.328404080478168,0,0.0,11,2021,Fall
2021-12-21,18.0,0.0,8.0,694,1666.5952722977354,14.29518804062094,0.8526571202067652,0.1404262233231602,6.699376290184621e-10,35.90206244516358,0,0.0,12,2021,Winter
2022-03-02,28.0,2.0,15.0,2344,5628.961553697251,48.28230658100214,2.8798678526868264,0.47429260442289267,2.2627288219297915e-09,121.25999188971676,2274297,54.149928571428575,3,2022,Spring
2022-04-24,34.0,11.0,23.0,229,549.9284111760539,4.717000088331694,0.28135227741692975,0.046336606831417416,2.2106011101617842e-10,11.846645965334956,0,0.0,4,2022,Spring
2022-05-31,37.0,13.0,26.0,6,14.408604659634602,0.12358952196502254,0.0073716753908365865,0.001214059567635391,5.791967974223015e-12,0.3103924707074661,0,0.0,5,2022,Spring
2022-07-09,44.0,22.0,34.0,0,0.0,0.0,0.0,0.0,0.0,0.0,0,0.0,7,2022,Summer
2014-04-09,32.0,2.0,20.0,3179,7634.159035496399,65.48184838780111,3.9057593445782515,0.6432492275854846,3.068777698342494e-09,164.45627739650578,951458,22.653761904761904,4,2014,Spring
2015-01-11,18.0,-3.0,7.0,2449,5881.112135240856,50.44512321539003,3.008872172026467,0.49553864685651206,2.364088261478694e-09,126.69186012709741,1377165,32.78964285714286,1,2015,Winter
2015-02-21,18.0,-2.0,9.0,1956,4697.20511904088,40.29018416059735,2.4031661774127273,0.39578341904913744,1.888181559596703e-09,101.18794545063395,1574580,37.49,2,2015,Winter
2015-04-04,34.0,10.0,22.0,796,1911.5415515115237,16.396209914026326,0.9779756018509872,0.16106523597296185,7.684010845802533e-10,41.1787344471905,640780,15.256666666666666,4,2015,Spring
2015-05-06,38.0,14.0,28.0,4,9.6057364397564,0.08239301464334836,0.004914450260557725,0.0008093730450902606,3.8613119828153436e-12,0.2069283138049774,3220,0.07666666666666666,5,2015,Spring
2015-06-15,46.0,23.0,34.0,1,2.4014341099391,0.02059825366083709,0.0012286125651394311,0.00020234326127256514,9.653279957038359e-13,0.05173207845124435,863,0.020547619047619047,6,2015,Summer
2015-10-27,35.0,10.0,22.0,2,4.8028682198782,0.04119650732167418,0.0024572251302788623,0.0004046865225451303,1.9306559914076718e-12,0.1034641569024887,1851,0.044071428571428574,10,2015,Fall
2015-12-06,18.0,-3.0,5.0,63,151.29034892616332,1.2976899806327367,0.07740259160378417,0.012747625460171604,6.081566372934166e-11,3.259120942428394,58334,1.3889047619047619,12,2015,Winter
2016-03-05,26.0,6.0,16.0,2573,6178.889964873305,52.99930666933383,3.1612201301037564,0.5206292112543102,2.4837889329459696e-09,133.1066378550517,2382598,56.72852380952381,3,2016,Spring
2016-04-24,35.0,4.0,20.0,17,40.824379868964705,0.35017031223423056,0.02088641360737033,0.0034398354416336073,1.641057592696521e-11,0.879445333671154,15742,0.3748095238095238,4,2016,Spring
2016-05-31,39.0,14.0,27.0,1,2.4014341099391,0.02059825366083709,0.0012286125651394311,0.00020234326127256514,9.653279957038359e-13,0.05173207845124435,926,0.02204761904761905,5,2016,Spring
2016-08-24,42.0,20.0,31.0,0,0.0,0.0,0.0,0.0,0.0,0.0,0,0.0,8,2016,Summer
2018-03-25,34.0,6.0,19.0,5471,13138.246015476816,112.69304577843972,6.721739343877828,1.107019982422204,5.2813094644956864e-09,283.02620120675783,5066147,120.62254761904762,3,2018,Spring
2018-10-10,35.0,9.0,21.0,0,0.0,0.0,0.0,0.0,0.0,0.0,0,0.0,10,2018,Fall
2018-12-31,20.0,-2.0,9.0,0,0.0,0.0,0.0,0.0,0.0,0.0,0,0.0,12,2018,Winter
2019-09-23,40.0,18.0,29.0,1662,3991.1834907187845,34.23429758431124,2.0419540832617344,0.3362945002350033,1.6043751288597752e-09,85.9787143859681,1769864,42.13961904761905,9,2019,Fall
2019-10-31,34.0,10.0,20.0,0,0.0,0.0,0.0,0.0,0.0,0.0,0,0.0,10,2019,Fall
2020-02-19,24.0,-6.0,9.0,1787,4291.362754461172,36.80907929191588,2.1955306539041635,0.3615874078940739,1.7250411283227548e-09,92.44522419237364,1816967,43.26111904761905,2,2020,Winter
2020-07-13,44.0,24.0,34.0,76,182.50899235537162,1.5654672782236188,0.09337455495059677,0.015378087856714951,7.336492767349153e-11,3.9316379622945705,0,0.0,7,2020,Summer
2020-08-15,43.0,21.0,32.0,0,0.0,0.0,0.0,0.0,0.0,0.0,0,0.0,8,2020,Summer
2020-09-21,38.0,13.0,27.0,0,0.0,0.0,0.0,0.0,0.0,0.0,0,0.0,9,2020,Fall
2020-10-29,32.0,8.0,19.0,0,0.0,0.0,0.0,0.0,0.0,0.0,0,0.0,10,2020,Fall
2020-12-08,14.0,-4.0,6.0,0,0.0,0.0,0.0,0.0,0.0,0.0,0,0.0,12,2020,Winter
2021-07-05,46.0,25.0,36.0,280,672.401550782948,5.767511025034385,0.34401151823904075,0.05665611315631824,2.702918387970741e-10,14.484981966348418,0,0.0,7,2021,Summer
2021-09-08,42.0,16.0,29.0,1,2.4014341099391,0.02059825366083709,0.0012286125651394311,0.00020234326127256514,9.653279957038359e-13,0.05173207845124435,0,0.0,9,2021,Fall
2021-09-29,42.0,16.0,29.0,0,0.0,0.0,0.0,0.0,0.0,0.0,0,0.0,9,2021,Fall
2021-11-10,28.0,4.0,12.0,279,670.000116673009,5.746912771373548,0.3427829056739013,0.05645376989504568,2.693265108013702e-10,14.433249887897173,0,0.0,11,2021,Fall
2021-12-19,18.0,0.0,8.0,1782,4279.355583911476,36.70608802361169,2.189387591078466,0.3605756915877111,1.7202144883442356e-09,92.18656380011743,1707123,40.645785714285715,12,2021,Winter
2022-03-08,28.0,2.0,15.0,3586,8611.542718241613,73.8653376277618,4.40580465859,0.7256029349234187,3.4616661925939556e-09,185.51123332616223,3436079,81.81140476190477,3,2022,Spring
2022-04-20,34.0,11.0,23.0,14,33.6200775391474,0.28837555125171926,0.017200575911952037,0.002832805657815912,1.3514591939853702e-11,0.7242490983174209,0,0.0,4,2022,Spring
2022-05-28,37.0,13.0,26.0,4,9.6057364397564,0.08239301464334836,0.004914450260557725,0.0008093730450902606,3.8613119828153436e-12,0.2069283138049774,0,0.0,5,2022,Spring
2022-07-06,44.0,22.0,34.0,0,0.0,0.0,0.0,0.0,0.0,0.0,0,0.0,7,2022,Summer
2015-07-29,40.0,17.0,31.0,98,235.3405427740318,2.018628858762035,0.12040403138366425,0.019829639604711385,9.460214357897591e-11,5.069743688221946,90719,2.1599761904761903,7,2015,Summer
2015-09-15,37.0,12.0,26.0,111,266.55918620324013,2.286406156352917,0.13637599473047685,0.02246010200125473,1.0715140752312579e-10,5.742260708088122,102753,2.4465,9,2015,Fall
2015-11-11,24.0,1.0,13.0,253,607.5628298145923,5.2113581761917835,0.31083897898027607,0.051192845101958984,2.442279829130705e-10,13.08821584816482,234208,5.576380952380952,11,2015,Fall
2015-12-30,20.0,-2.0,8.0,2303,5530.502755189747,47.43777818090782,2.82949473751611,0.4659965307107175,2.2231503741059342e-09,119.13897667321574,2132578,50.775666666666666,12,2015,Winter
2016-02-14,23.0,-2.0,10.0,2749,6601.542368222586,56.62459931364116,3.377455941568296,0.5562416252382816,2.6536866601898447e-09,142.21148366247073,2545574,60.60890476190476,2,2016,Winter
2016-04-04,32.0,1.0,18.0,1961,4709.212289590575,40.393175428901536,2.4093092402384246,0.39679513535550026,1.893008199575222e-09,101.44660584289016,1815886,43.23538095238095,4,2016,Spring
2016-05-10,37.0,9.0,26.0,206,494.6954266474546,4.2432402541324405,0.25309418841872283,0.04168271182214842,1.988575671149902e-10,10.656808160956336,190756,4.5418095238095235,5,2016,Spring
2016-06-21,40.0,15.0,29.0,92,220.9319381143972,1.8950393367970122,0.11303235599282767,0.018615580037075995,8.88101756047529e-11,4.75935121751448,85192,2.028380952380952,6,2016,Summer
2016-08-07,39.0,16.0,29.0,85,204.1218993448235,1.7508515611711526,0.10443206803685165,0.017199177208168038,8.205287963482605e-11,4.39722666835577,78710,1.874047619047619,8,2016,Summer
2016-09-21,39.0,12.0,27.0,86,206.52333345476262,1.7714498148319897,0.10566068060199107,0.0174015204694406,8.301820763052989e-11,4.448958746807014,79636,1.896095238095238,9,2016,Fall
2016-10-30,31.0,8.0,20.0,107,256.9534497634837,2.2040131417095687,0.13146154446991914,0.02165072895616447,1.0329009554031044e-10,5.535332394283145,99082,2.359095238095238,10,2016,Fall
2016-12-19,24.0,-5.0,11.0,1422,3414.8393043334004,29.29071670571034,1.747087067628271,0.28773211752958766,1.3726964098908547e-09,73.56301555766946,1316772,31.351714285714287,12,2016,Winter
2017-01-26,23.0,-3.0,9.0,1680,4034.409304697688,34.60506615020631,2.0640691094342443,0.33993667893790946,1.6217510327824442e-09,86.9098917980905,1555680,37.04,1,2017,Winter
2017-03-11,24.0,2.0,13.0,2034,4884.51697961613,41.89684794614264,2.4989979574936028,0.4115661934283975,1.963477143261602e-09,105.22304756983101,1883484,44.844857142857144,3,2017,Spring
2017-04-28,32.0,6.0,21.0,1183,2840.8965520579554,24.367734080770276,1.4534486645599471,0.23937207808544456,1.141983018917638e-09,61.19904880782207,1095458,26.082333333333334,4,2017,Spring
2017-07-23,41.0,17.0,31.0,224,537.9212406263584,4.614008820027508,0.2752092145912326,0.04532489052505459,2.1623347103765924e-10,11.587985573078734,207424,4.938666666666666,7,2017,Summer
2017-09-03,36.0,12.0,26.0,85,204.1218993448235,1.7508515611711526,0.10443206803685165,0.017199177208168038,8.205287963482605e-11,4.39722666835577,78710,1.874047619047619,9,2017,Fall
2017-10-17,32.0,7.0,21.0,114,273.7634885330574,2.3482009173354284,0.14006183242589515,0.023067131785072425,1.1004739151023728e-10,5.897456943441855,105564,2.5134285714285713,10,2017,Fall
2017-11-29,26.0,-1.0,12.0,673,1616.1651559890145,13.862624713743362,0.8268562563388372,0.13617701483643635,6.496657411086816e-10,34.81568879768744,623198,14.83804761904762,11,2017,Fall
2018-01-14,19.0,-5.0,7.0,2394,5749.033259194206,49.312219264043996,2.9412984809437983,0.484409767486521,2.310995221714983e-09,123.84659581227896,2216844,52.782,1,2018,Winter
2018-02-24,25.0,-6.0,11.0,1887,4531.506165455082,38.868904657999586,2.3183919104181068,0.3818217340213304,1.8215739278931384e-09,97.61843203749808,1747362,41.603857142857144,2,2018,Winter
2018-04-07,28.0,4.0,17.0,1092,2622.3660480534973,22.493292997634104,1.3416449211322587,0.22095884130964114,1.0541381713085887e-09,56.491429668758826,1011192,24.076,4,2018,Spring
2018-05-30,37.0,10.0,23.0,291,698.8173259922781,5.994091815303594,0.35752625645557445,0.05888188903031646,2.8091044674981625e-10,15.054034829312105,269466,6.415857142857143,5,2018,Spring
2018-07-10,41.0,18.0,32.0,120,288.172093192692,2.4717904393004506,0.14743350781673173,0.02428119135270782,1.1583935948446031e-10,6.2078494141493215,111120,2.645714285714286,7,2018,Summer
2018-08-25,40.0,19.0,31.0,73,175.30469002555432,1.5036725172411076,0.08968871725517848,0.014771058072897256,7.046894368638002e-11,3.7764417269408375,67598,1.6094761904761905,8,2018,Summer
2018-10-01,33.0,6.0,20.0,140,336.200775391474,2.8837555125171925,0.17200575911952037,0.02832805657815912,1.3514591939853704e-10,7.242490983174209,149086,3.5496666666666665,10,2018,Fall
2018-11-24,22.0,1.0,12.0,884,2122.8677531861645,18.208856236179987,1.0860935075832572,0.17887144296494759,8.533499482021909e-10,45.731157350900006,867903,20.664357142857142,11,2018,Fall
2019-01-02,25.0,-5.0,9.0,2325,5583.334305608408,47.89093976144623,2.8565242139491773,0.47044808245871395,2.2443875900114186e-09,120.27708239914311,2188569,52.108785714285716,1,2019,Winter
2019-02-19,19.0,-3.0,8.0,2768,6647.169616311429,57.01596613319707,3.400799580305945,0.5600861472024603,2.6720278921082177e-09,143.19439315304436,2607007,62.07159523809524,2,2019,Winter
2019-04-07,27.0,5.0,16.0,2147,5155.879034039248,44.22445060981723,2.6378311773543586,0.43443098195219737,2.0725592067761357e-09,111.06877243482161,2031047,48.3582619047619,4,2019,Spring
2019-05-08,34.0,9.0,23.0,227,545.1255429561758,4.67580358101002,0.27889505228665085,0.04593192030887229,2.1912945502477075e-10,11.743181808432468,238515,5.678928571428571,5,2019,Spring
2019-06-25,40.0,14.0,30.0,102,244.94627921378822,2.1010218734053834,0.125318481644222,0.020639012649801645,9.846345556179127e-11,5.276672002026923,108620,2.586190476190476,6,2019,Summer
2019-08-10,42.0,16.0,30.0,83,199.3190311249453,1.7096550538494786,0.10197484290657279,0.016794490685622908,8.012222364341838e-11,4.293762511453281,88387,2.104452380952381,8,2019,Summer
2019-09-25,39.0,13.0,28.0,85,204.1218993448235,1.7508515611711526,0.10443206803685165,0.017199177208168038,8.205287963482605e-11,4.39722666835577,90517,2.1551666666666667,9,2019,Fall
2019-11-05,25.0,-2.0,11.0,171,410.6452327995861,3.5223013760031425,0.21009274863884272,0.03460069767760864,1.6507108726535594e-10,8.846185415162784,182098,4.335666666666667,11,2019,Fall
2019-12-18,17.0,-2.0,8.0,1951,4685.197948491184,40.18719289229316,2.39702311458703,0.3947717027427746,1.883354919618184e-09,100.92928505837773,1845899,43.94997619047619,12,2019,Winter
2020-02-05,24.0,-5.0,10.0,2885,6928.137407174304,59.42596181151501,3.544547250427259,0.5837603087713504,2.7849712676055667e-09,149.24704633183995,2716262,64.67290476190476,2,2020,Winter
2020-03-19,25.0,-1.0,12.0,1854,4452.258839827092,38.18916228719196,2.2778476957685054,0.3751444063993358,1.7897181040349117e-09,95.91127344860702,1756077,41.81135714285714,3,2020,Spring
2020-05-16,37.0,9.0,24.0,201,482.6882560977591,4.140248985828255,0.24695112559302565,0.040670995515785596,1.9403092713647102e-10,10.398147768700113,214044,5.096285714285714,5,2020,Spring
2020-06-29,40.0,14.0,30.0,81,194.51616290506712,1.6684585465278043,0.09951761777629392,0.016389804163077778,7.81915676520107e-11,4.190298354550793,86257,2.0537380952380953,6,2020,Summer
2020-08-09,42.0,14.0,31.0,58,139.28317837646782,1.1946987123285513,0.071259528778087,0.01173590915380878,5.598902375082248e-11,3.000460550172172,61764,1.4705714285714286,8,2020,Summer
2020-09-24,36.0,12.0,26.0,73,175.30469002555432,1.5036725172411076,0.08968871725517848,0.014771058072897256,7.046894368638002e-11,3.7764417269408375,77738,1.8509047619047618,9,2020,Fall
2020-11-04,27.0,0.0,13.0,92,220.9319381143972,1.8950393367970122,0.11303235599282767,0.018615580037075995,8.88101756047529e-11,4.75935121751448,97971,2.332642857142857,11,2020,Fall
2020-12-21,20.0,-4.0,8.0,550,1320.788760466505,11.3290395134604,0.6757369108266872,0.11128879369991083,5.309303976371097e-10,28.452643148184393,552226,13.148238095238096,12,2020,Winter
2021-02-06,23.0,-3.0,11.0,907,2178.100737714764,18.68261607037924,1.114351596581464,0.18352533797421658,8.755524921033791e-10,46.920995155278625,882808,21.019238095238094,2,2021,Winter
2021-03-09,30.0,1.0,16.0,472,1133.4768998912552,9.722375727915107,0.5799051307458115,0.09550601932065075,4.5563481397221056e-10,24.417541028987333,465385,11.080595238095238,3,2021,Spring
2021-06-13,41.0,16.0,31.0,463,1111.8639929018034,9.536991444967573,0.5688476176595566,0.09368492996919767,4.4694686201087603e-10,23.951952322926132,493049,11.739261904761905,6,2021,Summer
2021-08-04,40.0,18.0,31.0,127,304.9821319622657,2.6159782149263107,0.15603379577270776,0.02569759418161577,1.2259665545438715e-10,6.5699739633080325,135242,3.220047619047619,8,2021,Summer
2021-09-15,37.0,13.0,28.0,109,261.7563179833619,2.245209649031243,0.133918769600198,0.0220554154787096,1.0522075153171811e-10,5.638796551185634,116074,2.7636666666666665,9,2021,Fall
2021-11-02,27.0,1.0,15.0,9,21.6129069894519,0.1853842829475338,0.01105751308625488,0.0018210893514530864,8.687951961334523e-12,0.4655887060611991,9584,0.2281904761904762,11,2021,Fall
2022-03-06,28.0,0.0,17.0,843,2024.4089546786613,17.364327836085668,1.0357203924125404,0.17057536925277242,8.137715003783336e-10,43.610142134398984,819891,19.521214285714287,3,2022,Spring
2022-07-22,43.0,20.0,32.0,63,151.29034892616332,1.2976899806327367,0.07740259160378417,0.012747625460171604,6.081566372934166e-11,3.259120942428394,67089,1.597357142857143,7,2022,Summer
2022-08-30,41.0,13.0,29.0,82,196.9175970150062,1.6890568001886415,0.10074623034143336,0.01659214742435034,7.915689564771454e-11,4.242030433002037,87322,2.079095238095238,8,2022,Summer
2013-09-23,29.449941792782305,5.963329452852154,17.80093131548312,2252,5408.029615582854,46.38726724420513,2.7668354966939988,0.4556770243858167,2.1739186463250382e-09,116.50064067220227,733687,17.468738095238095,9,2013,Fall
2014-01-21,18.0,-4.0,5.0,1507,3618.9612036782237,31.041568266881495,1.8515191356651228,0.30493129473775565,1.4547492895256807e-09,77.96024222602523,452102,10.764333333333333,1,2014,Winter
2015-01-14,18.0,-3.0,7.0,1541,3700.6099634161533,31.741908891349958,1.8932919628798635,0.3118109656210229,1.487570441379611e-09,79.71913289336754,790000,18.80952380952381,1,2015,Winter
2015-02-25,18.0,-2.0,9.0,400,960.57364397564,8.239301464334837,0.49144502605577245,0.08093730450902606,3.8613119828153436e-10,20.69283138049774,322000,7.666666666666667,2,2015,Winter
2015-04-24,34.0,10.0,22.0,200,480.28682198782,4.119650732167418,0.24572251302788622,0.04046865225451303,1.9306559914076718e-10,10.34641569024887,161001,3.833357142857143,4,2015,Spring
2015-06-11,46.0,23.0,34.0,0,0.0,0.0,0.0,0.0,0.0,0.0,0,0.0,6,2015,Summer
2015-10-19,35.0,10.0,22.0,50,120.071705496955,1.0299126830418546,0.061430628256971556,0.010117163063628257,4.8266399785191794e-11,2.5866039225622175,46285,1.1020238095238095,10,2015,Fall
2015-11-30,20.0,0.0,11.0,250,600.358527484775,5.149563415209273,0.30715314128485777,0.05058581531814128,2.4133199892595897e-10,12.933019612811087,231466,5.511095238095238,11,2015,Fall
2016-02-28,24.0,-3.0,11.0,700,1681.00387695737,14.418777562585964,0.8600287955976018,0.1416402828907956,6.757295969926851e-10,36.21245491587104,648200,15.433333333333334,2,2016,Winter
2016-04-18,35.0,4.0,20.0,200,480.28682198782,4.119650732167418,0.24572251302788622,0.04046865225451303,1.9306559914076718e-10,10.34641569024887,185200,4.40952380952381,4,2016,Spring
2016-05-26,39.0,14.0,27.0,0,0.0,0.0,0.0,0.0,0.0,0.0,0,0.0,5,2016,Spring
2016-07-12,44.0,24.0,34.0,0,0.0,0.0,0.0,0.0,0.0,0.0,0,0.0,7,2016,Summer
2016-12-07,19.0,-4.0,6.0,280,672.401550782948,5.767511025034385,0.34401151823904075,0.05665611315631824,2.702918387970741e-10,14.484981966348418,259280,6.173333333333333,12,2016,Winter
2017-01-14,15.0,-2.0,6.0,720,1729.032559156152,14.830742635802705,0.8846010469003904,0.14568714811624692,6.950361569067618e-10,37.247096484895934,666720,15.874285714285714,1,2017,Winter
2017-10-11,35.0,9.0,20.0,970,2329.391086640927,19.98030605101198,1.1917541881852483,0.1962729634343882,9.363681558327208e-10,50.18011609770702,898220,21.386190476190475,10,2017,Fall
2017-11-15,28.0,1.0,13.0,0,0.0,0.0,0.0,0.0,0.0,0.0,0,0.0,11,2017,Fall
2017-12-26,22.0,-4.0,8.0,480,1152.688372770768,9.887161757201802,0.5897340312669269,0.09712476541083127,4.6335743793784123e-10,24.831397656597286,444480,10.582857142857144,12,2017,Winter
2018-02-01,22.0,-1.0,10.0,450,1080.645349472595,9.26921414737669,0.552875654312744,0.09105446757265431,4.3439759806672617e-10,23.279435303059955,416700,9.92142857142857,2,2018,Winter
2018-04-22,29.0,4.0,18.0,1100,2641.57752093301,22.6580790269208,1.3514738216533744,0.22257758739982167,1.0618607952742195e-09,56.905286296368786,1018600,24.252380952380953,4,2018,Spring
2018-08-25,44.0,23.0,34.0,0,0.0,0.0,0.0,0.0,0.0,0.0,0,0.0,8,2018,Summer
2018-10-07,35.0,9.0,21.0,0,0.0,0.0,0.0,0.0,0.0,0.0,0,0.0,10,2018,Fall
2018-11-15,22.0,3.0,12.0,0,0.0,0.0,0.0,0.0,0.0,0.0,0,0.0,11,2018,Fall
2018-12-20,20.0,-2.0,9.0,700,1681.00387695737,14.418777562585964,0.8600287955976018,0.1416402828907956,6.757295969926851e-10,36.21245491587104,680166,16.19442857142857,12,2018,Winter
2019-01-30,19.0,-4.0,6.0,1150,2761.649226429965,23.687991709962652,1.4129044499103458,0.23269475046344992,1.1101271950594112e-09,59.491890218931,1102346,26.246333333333332,1,2019,Winter
2019-03-06,22.0,2.0,12.0,870,2089.247675647017,17.92048068492827,1.0688929316713052,0.17603863730713168,8.398353562623372e-10,45.00690825258258,837586,19.94252380952381,3,2019,Spring
2019-04-27,33.0,7.0,18.0,180,432.258139789038,3.7076856589506764,0.2211502617250976,0.03642178702906173,1.7375903922669045e-10,9.311774121223984,110586,2.633,4,2019,Spring
2019-07-08,45.0,25.0,36.0,0,0.0,0.0,0.0,0.0,0.0,0.0,0,0.0,7,2019,Summer
2019-08-11,45.0,22.0,33.0,0,0.0,0.0,0.0,0.0,0.0,0.0,0,0.0,8,2019,Summer
2019-09-18,40.0,18.0,29.0,0,0.0,0.0,0.0,0.0,0.0,0.0,0,0.0,9,2019,Fall
2019-10-22,34.0,10.0,20.0,0,0.0,0.0,0.0,0.0,0.0,0.0,0,0.0,10,2019,Fall
2020-02-09,24.0,-6.0,9.0,1860,4466.667444486726,38.312751809156985,2.285219371159342,0.37635846596697115,1.7955100720091347e-09,96.22166591931449,1822825,43.400595238095235,2,2020,Winter
2020-05-26,40.0,11.0,27.0,480,1152.688372770768,9.887161757201802,0.5897340312669269,0.09712476541083127,4.6335743793784123e-10,24.831397656597286,0,0.0,5,2020,Spring
2020-07-05,44.0,24.0,34.0,0,0.0,0.0,0.0,0.0,0.0,0.0,0,0.0,7,2020,Summer
2020-10-21,32.0,8.0,19.0,5,12.0071705496955,0.10299126830418545,0.006143062825697156,0.0010117163063628257,4.8266399785191794e-12,0.2586603922562217,0,0.0,10,2020,Fall
2020-11-28,28.0,4.0,12.0,0,0.0,0.0,0.0,0.0,0.0,0.0,0,0.0,11,2020,Fall
2021-01-04,18.0,-4.0,5.0,0,0.0,0.0,0.0,0.0,0.0,0.0,0,0.0,1,2021,Winter
2021-02-15,25.0,1.0,11.0,0,0.0,0.0,0.0,0.0,0.0,0.0,0,0.0,2,2021,Winter
2021-08-24,43.0,22.0,33.0,1225,2941.7567846753977,25.232860734525435,1.5050503922958032,0.2478704950588923,1.1825267947371989e-09,63.371796102774326,0,0.0,8,2021,Summer
2021-09-23,42.0,16.0,29.0,0,0.0,0.0,0.0,0.0,0.0,0.0,0,0.0,9,2021,Fall
2021-11-04,28.0,4.0,12.0,0,0.0,0.0,0.0,0.0,0.0,0.0,0,0.0,11,2021,Fall
2021-12-22,18.0,0.0,8.0,562,1349.6059697857743,11.576218557390444,0.6904802616083603,0.11371691283518161,5.425143335855558e-10,29.073428089599325,35266,0.8396666666666667,12,2021,Winter
2022-01-20,19.0,-7.0,6.0,319,766.057481070573,6.570842917807032,0.39192740827947853,0.06454750034594828,3.0793963062952366e-10,16.502533025946946,0,0.0,1,2022,Winter
2022-03-12,28.0,2.0,15.0,434,1042.2224037135695,8.939642088803296,0.5332178532705131,0.08781697539229327,4.189523501354648e-10,22.451722047840047,0,0.0,3,2022,Spring
2022-04-13,34.0,11.0,23.0,0,0.0,0.0,0.0,0.0,0.0,0.0,0,0.0,4,2022,Spring
2022-05-21,37.0,13.0,26.0,216,518.7097677468456,4.449222790740811,0.26538031407011714,0.04370614443487407,2.0851084707202855e-10,11.174128945468778,0,0.0,5,2022,Spring
2022-06-30,44.0,21.0,34.0,26,62.437286858416606,0.5355545951817644,0.03194392669362521,0.005260924793086694,2.5098527888299733e-11,1.345034039732353,0,0.0,6,2022,Summer
2022-08-04,43.0,19.0,32.0,0,0.0,0.0,0.0,0.0,0.0,0.0,0,0.0,8,2022,Summer
2022-09-15,41.0,20.0,29.0,0,0.0,0.0,0.0,0.0,0.0,0.0,0,0.0,9,2022,Fall
2013-11-24,29.449941792782305,5.963329452852154,17.80093131548312,1143,2744.8391876603914,23.543803934336793,1.40430416195437,0.23127834763454197,1.1033698990894845e-09,59.12976566977229,341244,8.124857142857143,11,2013,Fall
2014-01-15,18.0,-4.0,5.0,2039,4896.524150165825,41.99983921444683,2.5051410203193,0.41257790973476033,1.9683037832401213e-09,105.48170796208723,611702,14.564333333333334,1,2014,Winter
2014-09-20,40.0,16.0,29.0,2202,5287.957910085898,45.35735456116327,2.7054048684370273,0.44555986132218844,2.1256522465398467e-09,113.91403674964006,827149,19.69402380952381,9,2014,Fall
2014-12-09,20.0,-2.0,7.0,981,2355.806861850257,20.206886841281186,1.205268926401782,0.1984987393083864,9.46986763785463e-10,50.74916896067071,774898,18.449952380952382,12,2014,Winter
2015-02-16,18.0,-2.0,9.0,2804,6733.621244269237,57.7575032649872,3.445029632650965,0.5673705046082727,2.706779699953556e-09,145.05674797728915,2257220,53.74333333333333,2,2015,Winter
2015-09-05,30.0,14.0,27.0,910,2185.305040044581,18.74441083136175,1.1180374342768824,0.1841323677580343,8.784484760904906e-10,47.07619139063236,787741,18.755738095238094,9,2015,Fall
2016-01-18,18.0,-4.0,7.0,2039,4896.524150165825,41.99983921444683,2.5051410203193,0.41257790973476033,1.9683037832401213e-09,105.48170796208723,1887829,44.94830952380952,1,2016,Winter
2016-02-27,24.0,-3.0,11.0,1074,2579.1402340745935,22.122524431739034,1.3195298949597492,0.21731666260673496,1.0367622673859197e-09,55.56025225663643,994524,23.679142857142857,2,2016,Winter
2016-04-23,35.0,4.0,20.0,1540,3698.208529306214,31.72131063768912,1.892063350314724,0.31160862235975034,1.4866051133839072e-09,79.66740081491629,142604,3.3953333333333333,4,2016,Spring
2016-06-01,42.0,20.0,31.0,2,4.8028682198782,0.04119650732167418,0.0024572251302788623,0.0004046865225451303,1.9306559914076718e-12,0.1034641569024887,1852,0.0440952380952381,6,2016,Summer
2016-09-28,41.0,15.0,28.0,1,2.4014341099391,0.02059825366083709,0.0012286125651394311,0.00020234326127256514,9.653279957038359e-13,0.05173207845124435,946,0.022523809523809522,9,2016,Fall
2016-11-02,30.0,-9.0,10.0,1,2.4014341099391,0.02059825366083709,0.0012286125651394311,0.00020234326127256514,9.653279957038359e-13,0.05173207845124435,926,0.02204761904761905,11,2016,Fall
2016-12-10,19.0,-4.0,6.0,473,1135.8783340011944,9.742973981575943,0.5811337433109509,0.0957083625819233,4.566001419679144e-10,24.46927310743858,437998,10.42852380952381,12,2016,Winter
2017-01-22,15.0,-2.0,6.0,1532,3678.9970564267014,31.556524608402423,1.8822344497936085,0.3099898762695698,1.4788824894182766e-09,79.25354418730635,1418632,33.77695238095238,1,2017,Winter
2017-03-01,25.0,3.0,13.0,1126,2704.014807791427,23.193633622102563,1.3834177483469994,0.22783851219290835,1.0869593231625191e-09,58.25032033610113,1042676,24.825619047619046,3,2017,Spring
2017-04-12,33.0,5.0,20.0,201,482.6882560977591,4.140248985828255,0.24695112559302565,0.040670995515785596,1.9403092713647102e-10,10.398147768700113,186126,4.431571428571429,4,2017,Spring
2017-05-15,39.0,15.0,27.0,1,2.4014341099391,0.02059825366083709,0.0012286125651394311,0.00020234326127256514,9.653279957038359e-13,0.05173207845124435,926,0.02204761904761905,5,2017,Spring
2017-07-02,43.0,22.0,33.0,0,0.0,0.0,0.0,0.0,0.0,0.0,0,0.0,7,2017,Summer
2017-07-30,43.0,22.0,33.0,0,0.0,0.0,0.0,0.0,0.0,0.0,0,0.0,7,2017,Summer
2017-09-11,40.0,15.0,27.0,0,0.0,0.0,0.0,0.0,0.0,0.0,0,0.0,9,2017,Fall
2017-10-10,35.0,9.0,20.0,0,0.0,0.0,0.0,0.0,0.0,0.0,0,0.0,10,2017,Fall
2017-12-29,22.0,-4.0,8.0,1049,2519.104381326116,21.60756809021811,1.2888145808312632,0.21225808107492083,1.012629067493324e-09,54.26695029535532,971374,23.12795238095238,12,2017,Winter
2018-01-30,17.0,-8.0,6.0,850,2041.218993448235,17.508515611711527,1.0443206803685166,0.17199177208168037,8.205287963482605e-10,43.9722666835577,787100,18.74047619047619,1,2018,Winter
2018-03-07,34.0,6.0,19.0,655,1572.9393420101105,13.491856147848294,0.8047412301663274,0.13253483613353018,6.322898371860125e-10,33.88451138556505,606530,14.441190476190476,3,2018,Spring
2018-04-25,29.0,4.0,18.0,0,0.0,0.0,0.0,0.0,0.0,0.0,0,0.0,4,2018,Spring
2018-07-17,45.0,24.0,35.0,0,0.0,0.0,0.0,0.0,0.0,0.0,0,0.0,7,2018,Summer
2018-08-29,44.0,23.0,34.0,0,0.0,0.0,0.0,0.0,0.0,0.0,0,0.0,8,2018,Summer
2018-10-09,35.0,9.0,21.0,0,0.0,0.0,0.0,0.0,0.0,0.0,0,0.0,10,2018,Fall
2018-12-25,20.0,-2.0,9.0,577,1385.6274814348608,11.885192362303002,0.7089094500854518,0.1167520617542701,5.569942535211133e-10,29.84940926636799,614448,14.629714285714286,12,2018,Winter
2019-01-31,19.0,-4.0,6.0,772,1853.9071328729854,15.901851826166233,0.9484889002876409,0.1562089977024203,7.452332126833613e-10,39.937164564360636,768940,18.308095238095238,1,2019,Winter
2019-03-13,22.0,2.0,12.0,621,1491.2905822721812,12.791515523379832,0.7629684029515867,0.12565516525026296,5.994686853320821e-10,32.12562071822274,634959,15.118071428571428,3,2019,Spring
2019-07-16,45.0,25.0,36.0,0,0.0,0.0,0.0,0.0,0.0,0.0,0,0.0,7,2019,Summer
2019-08-14,45.0,22.0,33.0,0,0.0,0.0,0.0,0.0,0.0,0.0,0,0.0,8,2019,Summer
2019-09-25,40.0,18.0,29.0,0,0.0,0.0,0.0,0.0,0.0,0.0,0,0.0,9,2019,Fall
2019-10-30,34.0,10.0,20.0,52,124.87457371683321,1.0711091903635288,0.06388785338725042,0.010521849586173387,5.0197055776599466e-11,2.690068079464706,55375,1.318452380952381,10,2019,Fall
2019-12-08,20.0,0.0,8.0,525,1260.7529077180275,10.814083171939473,0.6450215966982014,0.10623021216809671,5.067971977445139e-10,27.159341186903283,543141,12.931928571428571,12,2019,Winter
2020-01-11,17.0,-1.0,5.0,788,1892.3300786320108,16.231423884739627,0.9681467013298718,0.15944648988278134,7.606784606146227e-10,40.76487781958055,779372,18.55647619047619,1,2020,Winter
2020-02-10,24.0,-6.0,9.0,1015,2437.4556215881867,20.907227465749646,1.2470417536165226,0.20537841019165362,9.798079156393935e-10,52.508059628013015,983729,23.42211904761905,2,2020,Winter
2020-04-04,32.0,6.0,17.0,148,355.4122482709868,3.0485415418038895,0.1818346596406358,0.029946802668339642,1.428685433641677e-10,7.656347610784164,157605,3.7525,4,2020,Spring
2020-05-26,40.0,11.0,27.0,641,1539.3192644709632,13.203480596596576,0.7875406542543754,0.12970203047571427,6.187752452461588e-10,33.160262287247626,669554,15.941761904761904,5,2020,Spring
2020-07-06,44.0,24.0,34.0,0,0.0,0.0,0.0,0.0,0.0,0.0,0,0.0,7,2020,Summer
2020-08-09,43.0,21.0,32.0,0,0.0,0.0,0.0,0.0,0.0,0.0,0,0.0,8,2020,Summer
2020-09-16,38.0,13.0,27.0,0,0.0,0.0,0.0,0.0,0.0,0.0,0,0.0,9,2020,Fall
2020-10-21,32.0,8.0,19.0,3,7.204302329817301,0.06179476098251127,0.0036858376954182932,0.0006070297838176955,2.8959839871115077e-12,0.15519623535373306,3195,0.07607142857142857,10,2020,Fall
2020-12-06,14.0,-4.0,6.0,0,0.0,0.0,0.0,0.0,0.0,0.0,0,0.0,12,2020,Winter
2021-01-06,18.0,-4.0,5.0,0,0.0,0.0,0.0,0.0,0.0,0.0,0,0.0,1,2021,Winter
2021-02-16,25.0,1.0,11.0,325,780.4660857302075,6.694432439772054,0.39929908367031514,0.06576155991358368,3.137315986037467e-10,16.81292549665441,346093,8.240309523809524,2,2021,Winter
2021-04-06,36.0,10.0,24.0,151,362.6165506008041,3.1103363027864006,0.1855204973360541,0.030553832452157335,1.457645273512792e-10,7.811543846137897,160800,3.8285714285714287,4,2021,Spring
2021-05-24,41.0,16.0,27.0,300,720.43023298173,6.179476098251127,0.36858376954182936,0.060702978381769544,2.895983987111508e-10,15.519623535373304,319470,7.606428571428571,5,2021,Spring
2021-07-03,46.0,25.0,36.0,0,0.0,0.0,0.0,0.0,0.0,0.0,0,0.0,7,2021,Summer
2022-04-16,34.0,11.0,23.0,3635,8729.21298962863,74.87465205714282,4.466006674281832,0.7355177547257743,3.5089672643834434e-09,188.0461051702732,3627129,86.36021428571429,4,2022,Spring
2022-09-13,41.0,20.0,29.0,0,0.0,0.0,0.0,0.0,0.0,0.0,0,0.0,9,2022,Fall
2013-04-27,29.449941792782305,5.963329452852154,17.80093131548312,514,1234.3371325086976,10.587502381670264,0.6315068584816677,0.10400443629409849,4.961785897917716e-10,26.590288323939596,308400,7.3428571428571425,4,2013,Spring
2014-05-10,37.0,14.0,26.0,8263,19843.050050426784,170.20336999949689,10.15202562574712,1.6719623678952058,7.976505228500796e-09,427.46216424263207,2590931,61.688833333333335,5,2014,Spring
2014-11-18,19.0,1.0,10.0,220,528.315504186602,4.53161580538416,0.27029476433067484,0.04451551747996433,2.123721590548439e-10,11.381057259273756,114377,2.723261904761905,11,2014,Fall
2015-01-28,18.0,-3.0,7.0,3286,7891.112485259883,67.68586152951067,4.037220889048171,0.664899956541649,3.172067793882805e-09,169.99160979078894,2645230,62.98166666666667,1,2015,Winter
2015-02-03,18.0,-2.0,9.0,198,475.48395376794184,4.078454224845744,0.24326528789760737,0.040063965731967896,1.911349431493595e-10,10.24295153334638,159390,3.795,2,2015,Winter
2015-03-17,25.0,0.0,13.0,1476,3544.516746270112,30.403022403395546,1.8134321461458003,0.2986586536383061,1.4248241216588617e-09,76.35654779403666,1188180,28.29,3,2015,Spring
2015-04-20,34.0,10.0,22.0,5,12.0071705496955,0.10299126830418545,0.006143062825697156,0.0010117163063628257,4.8266399785191794e-12,0.2586603922562217,4026,0.09585714285714286,4,2015,Spring
2015-05-26,38.0,14.0,28.0,8,19.2114728795128,0.16478602928669672,0.00982890052111545,0.0016187460901805212,7.722623965630687e-12,0.4138566276099548,6440,0.15333333333333332,5,2015,Spring
2015-10-03,35.0,10.0,22.0,17,40.824379868964705,0.35017031223423056,0.02088641360737033,0.0034398354416336073,1.641057592696521e-11,0.879445333671154,15721,0.3743095238095238,10,2015,Fall
2015-11-18,20.0,0.0,11.0,686,1647.3837994182227,14.130402011334244,0.8428282196856498,0.13880747723297968,6.622150050528314e-10,35.48820581755362,635079,15.120928571428571,11,2015,Fall
2015-12-30,18.0,-3.0,5.0,2077,4987.778646343511,42.782572853558634,2.5518282977945983,0.4202669536631178,2.004986247076867e-09,107.44752694323451,1923302,45.792904761904765,12,2015,Winter
2016-04-03,35.0,4.0,20.0,3004,7213.908066257057,61.87715399715462,3.690752145678851,0.6078391568627857,2.899845299094323e-09,155.40316366753802,2781704,66.23104761904762,4,2016,Spring
2016-08-04,42.0,20.0,31.0,278,667.5986825630698,5.726314517712711,0.34155429310876184,0.05625142663377311,2.683611828056664e-10,14.38151780944593,257428,6.129238095238096,8,2016,Summer
2016-09-11,41.0,15.0,28.0,8,19.2114728795128,0.16478602928669672,0.00982890052111545,0.0016187460901805212,7.722623965630687e-12,0.4138566276099548,7408,0.1763809523809524,9,2016,Fall
2016-10-18,31.0,10.0,20.0,13,31.218643429208303,0.2677772975908822,0.015971963346812605,0.002630462396543347,1.2549263944149867e-11,0.6725170198661765,12038,0.2866190476190476,10,2016,Fall
2017-07-26,43.0,22.0,33.0,5675,13628.138573904393,116.89508952525048,6.972376307166272,1.1482980077218072,5.478236375619269e-09,293.57954521081166,5255051,125.1202619047619,7,2017,Summer
2017-09-26,40.0,15.0,27.0,6,14.408604659634602,0.12358952196502254,0.0073716753908365865,0.001214059567635391,5.791967974223015e-12,0.3103924707074661,5556,0.13228571428571428,9,2017,Fall
2017-12-17,22.0,-4.0,8.0,1220,2929.749614125702,25.12986946622125,1.498907329470106,0.24685877875252948,1.1777001547586797e-09,63.11313571051811,1129720,26.898095238095237,12,2017,Winter
2018-01-27,17.0,-8.0,6.0,2343,5626.560119587311,48.2617083273413,2.878639240121687,0.4740902611616201,2.2617634939340874e-09,121.2082598112655,2169618,51.65757142857143,1,2018,Winter
2018-02-24,22.0,-1.0,10.0,1665,3998.387793048602,34.29609234529376,2.0456399209571527,0.33690153001882095,1.6072711128468868e-09,86.13391062132185,1541790,36.70928571428571,2,2018,Winter
2018-04-15,29.0,4.0,18.0,1157,2778.459265199539,23.832179485588515,1.421504737866322,0.23411115329235788,1.116884491029338e-09,59.85401476808971,1071382,25.509095238095238,4,2018,Spring
2018-07-04,45.0,24.0,35.0,1448,3477.276591191817,29.826271300892106,1.7790309943218963,0.2929930423226743,1.3977949377791543e-09,74.90804959740181,10340848,246.21066666666667,7,2018,Summer
2018-08-15,44.0,23.0,34.0,467,1121.4697293415597,9.619384459610922,0.5737620679201143,0.09449430301428792,4.5080817399369136e-10,24.158880636731112,497308,11.840666666666667,8,2018,Summer
2018-09-25,40.0,17.0,28.0,32,76.8458915180512,0.6591441171467869,0.0393156020844618,0.006474984360722085,3.089049586252275e-11,1.6554265104398191,34077,0.8113571428571429,9,2018,Fall
2018-11-10,22.0,3.0,12.0,1703,4089.6422892262876,35.07882598440556,2.0923271984324514,0.34459057394717846,1.6439535766836325e-09,88.09972960246913,1682009,40.04783333333334,11,2018,Fall
2018-12-10,20.0,-2.0,9.0,775,1861.1114352028026,15.963646587148745,0.9521747379830592,0.156816027486238,7.481291966704729e-10,40.09236079971437,786149,18.717833333333335,12,2018,Winter
2019-01-19,19.0,-4.0,6.0,2353,5650.574460686703,48.46769086394967,2.8909253657730813,0.47611369377434576,2.2714167738911257e-09,121.72558059577796,2270210,54.05261904761905,1,2019,Winter
2019-02-24,20.0,-1.0,9.0,1983,4762.043840009235,40.84633700943995,2.436338716671492,0.4012466871034967,1.9142454154807065e-09,102.58471156881754,1918456,45.67752380952381,2,2019,Winter
2019-04-08,33.0,7.0,18.0,718,1724.229690936274,14.789546128481032,0.8821438217701115,0.14528246159370178,6.931055009153541e-10,37.143632327993444,763049,18.167833333333334,4,2019,Spring
2019-05-13,38.0,16.0,27.0,44,105.6631008373204,0.906323161076832,0.05405895286613497,0.008903103495992866,4.247443181096878e-11,2.2762114518547514,46856,1.1156190476190475,5,2019,Spring
2019-06-25,44.0,19.0,33.0,14,33.6200775391474,0.28837555125171926,0.017200575911952037,0.002832805657815912,1.3514591939853702e-11,0.7242490983174209,14909,0.3549761904761905,6,2019,Summer
2019-07-31,45.0,25.0,36.0,56,134.4803101565896,1.153502205006877,0.06880230364780815,0.011331222631263647,5.405836775941481e-11,2.8969963932696836,59634,1.419857142857143,7,2019,Summer
2019-09-14,40.0,18.0,29.0,41,98.4587985075031,0.8445284000943207,0.05037311517071668,0.00829607371217517,3.957844782385727e-11,2.1210152165010183,43661,1.039547619047619,9,2019,Fall
2019-10-14,34.0,10.0,20.0,33,79.2473256279903,0.679742370807624,0.04054421464960123,0.00667732762199465,3.185582385822658e-11,1.7071585888910634,35142,0.8367142857142857,10,2019,Fall
2019-11-19,24.0,2.0,11.0,268,643.5843414636788,5.5203319811043405,0.32926816745736753,0.05422799402104746,2.5870790284862803e-10,13.864197024933485,285393,6.795071428571428,11,2019,Fall
2019-12-24,20.0,0.0,8.0,1523,3657.3841494372496,31.37114032545489,1.8711769367073536,0.3081687869181167,1.470194537456942e-09,78.78795548124515,1490213,35.48126190476191,12,2019,Winter
2020-02-01,24.0,-6.0,9.0,2443,5866.7035305812215,50.32153369342501,3.0015004966356305,0.4943245872888766,2.3582962935044713e-09,126.38146765638994,2351266,55.98252380952381,2,2020,Winter
2020-05-10,40.0,11.0,27.0,1210,2905.735273026311,24.92388692961288,1.4866212038187117,0.24483534613980382,1.1680468748016414e-09,62.59581492600566,0,0.0,5,2020,Spring
2020-06-23,42.0,22.0,32.0,22,52.8315504186602,0.453161580538416,0.027029476433067485,0.004451551747996433,2.123721590548439e-11,1.1381057259273757,0,0.0,6,2020,Summer
2020-07-27,44.0,24.0,34.0,11,26.4157752093301,0.226580790269208,0.013514738216533742,0.0022257758739982164,1.0618607952742195e-11,0.5690528629636878,0,0.0,7,2020,Summer
2020-09-06,38.0,13.0,27.0,4,9.6057364397564,0.08239301464334836,0.004914450260557725,0.0008093730450902606,3.8613119828153436e-12,0.2069283138049774,0,0.0,9,2020,Fall
2020-10-10,32.0,8.0,19.0,10,24.014341099391,0.2059825366083709,0.012286125651394312,0.0020234326127256514,9.653279957038359e-12,0.5173207845124435,0,0.0,10,2020,Fall
2020-11-19,28.0,4.0,12.0,4,9.6057364397564,0.08239301464334836,0.004914450260557725,0.0008093730450902606,3.8613119828153436e-12,0.2069283138049774,0,0.0,11,2020,Fall
2020-12-27,14.0,-4.0,6.0,647,1553.7278691305978,13.327070118561597,0.794912329645212,0.13091609004334964,6.245672132203819e-10,33.470654757955096,0,0.0,12,2020,Winter
2021-02-03,25.0,1.0,11.0,1073,2576.7387999646544,22.101926178078198,1.3183012823946096,0.2171143193454624,1.035796939390216e-09,55.50852017818519,0,0.0,2,2021,Winter
2021-03-16,31.0,2.0,16.0,410,984.587985075031,8.445284000943207,0.5037311517071668,0.08296073712175171,3.957844782385727e-10,21.210152165010182,0,0.0,3,2021,Spring
2021-05-09,41.0,16.0,27.0,14,33.6200775391474,0.28837555125171926,0.017200575911952037,0.002832805657815912,1.3514591939853702e-11,0.7242490983174209,0,0.0,5,2021,Spring
2021-06-21,43.0,22.0,34.0,6,14.408604659634602,0.12358952196502254,0.0073716753908365865,0.001214059567635391,5.791967974223015e-12,0.3103924707074661,0,0.0,6,2021,Summer
2021-08-05,43.0,22.0,33.0,0,0.0,0.0,0.0,0.0,0.0,0.0,0,0.0,8,2021,Summer
2021-09-09,42.0,16.0,29.0,0,0.0,0.0,0.0,0.0,0.0,0.0,0,0.0,9,2021,Fall
2021-10-25,32.0,6.0,19.0,12,28.817209319269203,0.24717904393004508,0.014743350781673173,0.002428119135270782,1.158393594844603e-11,0.6207849414149322,0,0.0,10,2021,Fall
2021-12-06,18.0,0.0,8.0,785,1885.1257763021936,16.169629123757115,0.9644608636344535,0.15883946009896363,7.577824766275112e-10,40.60968158422681,0,0.0,12,2021,Winter
2022-03-26,28.0,2.0,15.0,4184,10047.600315985195,86.18309331694239,5.14051497254338,0.8466042051644126,4.038932334024849e-09,216.44701624000635,0,0.0,3,2022,Spring
2022-05-14,37.0,13.0,26.0,30,72.043023298173,0.6179476098251127,0.03685837695418293,0.006070297838176955,2.8959839871115077e-11,1.5519623535373304,0,0.0,5,2022,Spring
2022-06-20,44.0,21.0,34.0,36,86.4516279578076,0.7415371317901353,0.04423005234501952,0.0072843574058123455,3.475180784533809e-11,1.8623548242447965,0,0.0,6,2022,Summer
2022-07-31,44.0,22.0,34.0,11,26.4157752093301,0.226580790269208,0.013514738216533742,0.0022257758739982164,1.0618607952742195e-11,0.5690528629636878,0,0.0,7,2022,Summer
2022-09-03,41.0,20.0,29.0,37,88.8530620677467,0.7621353854509724,0.04545866491015895,0.0074867006670849105,3.5717135841041925e-11,1.914086902696041,0,0.0,9,2022,Fall
2018-02-22,24.0,-11.0,7.0,1729,4152.079576084704,35.614380579587326,2.1242711251260764,0.3498514987402651,1.6690521045719323e-09,89.44476364220148,1601054,38.120333333333335,2,2018,Winter
2018-04-11,27.0,1.0,15.0,1185,2845.6994202778337,24.408930588091952,1.455905889690226,0.2397767646079897,1.1439136749090455e-09,61.30251296472455,1097310,26.126428571428573,4,2018,Spring
2018-06-28,40.0,13.0,27.0,1542,3703.0113975260924,31.762507145010794,1.8945205754450027,0.31201330888229545,1.488535769375315e-09,79.77086497181878,1427892,33.99742857142857,6,2018,Summer
2018-08-14,39.0,13.0,29.0,507,1217.5270937391238,10.443314606044405,0.6229065705256915,0.10258803346519053,4.894212938218448e-10,26.228163774780885,469482,11.178142857142857,8,2018,Summer
2018-09-24,37.0,8.0,24.0,111,266.55918620324013,2.286406156352917,0.13637599473047685,0.02246010200125473,1.0715140752312579e-10,5.742260708088122,102786,2.447285714285714,9,2018,Fall
2018-11-03,19.0,-3.0,8.0,1758,4221.721165272938,36.211729935751606,2.15990088951512,0.35571945331716953,1.6970466164473435e-09,90.94499391728756,1627908,38.75971428571429,11,2018,Fall
2018-12-09,17.0,-11.0,4.0,865,2077.2405050973216,17.817489416624085,1.0627498688456078,0.17502692100076886,8.350087162838181e-10,44.74824786032636,800990,19.071190476190477,12,2018,Winter
2019-01-15,19.0,-9.0,3.0,2437,5852.294925921587,50.19794417145999,2.994128821244794,0.49311052772124125,2.352504325530248e-09,126.07107518568247,2256662,53.73004761904762,1,2019,Winter
2019-02-17,17.0,-9.0,5.0,2040,4898.925584275764,42.020437468107666,2.5063696328844394,0.4127802529960329,1.9692691112358253e-09,105.53344004053847,1889040,44.97714285714286,2,2019,Winter
2019-04-02,26.0,-1.0,14.0,818,1964.3731019301838,16.84937149456474,1.0050050782840547,0.1655167877209583,7.896383004857378e-10,42.316840173117875,757468,18.03495238095238,4,2019,Spring
2019-05-11,33.0,5.0,21.0,136,326.59503895171764,2.8013624978738445,0.16709130885896264,0.02751868353306886,1.3128460741572168e-10,7.035562669369232,125936,2.9984761904761905,5,2019,Spring
2019-06-21,40.0,11.0,28.0,87,208.9247675647017,1.7920480684928268,0.10688929316713051,0.017603863730713168,8.398353562623373e-11,4.500690825258259,80562,1.9181428571428571,6,2019,Summer
2019-07-23,41.0,15.0,31.0,153,367.4194188206823,3.151532810108075,0.18797772246633296,0.030958518974702465,1.476951833426869e-10,7.915008003040385,141678,3.373285714285714,7,2019,Summer
2019-09-12,37.0,8.0,24.0,107,256.9534497634837,2.2040131417095687,0.13146154446991914,0.02165072895616447,1.0329009554031044e-10,5.535332394283145,99082,2.359095238095238,9,2019,Fall
2019-10-06,32.0,3.0,17.0,119,285.7706590827529,2.4511921856396137,0.1462048952515923,0.02407884809143525,1.1487403148875647e-10,6.156117335698077,110194,2.623666666666667,10,2019,Fall
2019-11-18,21.0,-7.0,6.0,345,828.4947679289895,7.106397512988796,0.42387133497310375,0.06980842513903497,3.330381585178234e-10,17.8475670656793,319470,7.606428571428571,11,2019,Fall
2019-12-23,15.0,-6.0,4.0,1604,3851.9003123423167,33.03959887198269,1.9706945544836476,0.3245585910811945,1.5483861051089527e-09,82.97825383579594,1485304,35.364380952380955,12,2019,Winter
2020-01-25,13.0,-12.0,1.0,2467,5924.33794921976,50.8158917812851,3.0309871981989764,0.49918082555941823,2.381464165401363e-09,127.62303753921981,2284442,54.39147619047619,1,2020,Winter
2020-05-04,36.0,6.0,22.0,1232,2958.5668234449713,25.377048510151294,1.513650680251779,0.24928689788780026,1.1892840907071258e-09,63.73392065193304,1140832,27.162666666666667,5,2020,Spring
2020-06-18,39.0,13.0,28.0,76,182.50899235537162,1.5654672782236188,0.09337455495059677,0.015378087856714951,7.336492767349153e-11,3.9316379622945705,70376,1.6756190476190476,6,2020,Summer
2020-07-25,40.0,14.0,29.0,105,252.1505815436055,2.1628166343878945,0.12900431933964027,0.02124604243361934,1.0135943954890276e-10,5.431868237380656,97230,2.315,7,2020,Summer
2020-09-03,35.0,6.0,23.0,92,220.9319381143972,1.8950393367970122,0.11303235599282767,0.018615580037075995,8.88101756047529e-11,4.75935121751448,85192,2.028380952380952,9,2020,Fall
2020-10-03,29.0,-1.0,14.0,38,91.25449617768581,0.7827336391118094,0.04668727747529838,0.0076890439283574755,3.6682463836745764e-11,1.9658189811472853,35188,0.8378095238095238,10,2020,Fall
2020-11-12,24.0,-6.0,9.0,28,67.2401550782948,0.5767511025034385,0.034401151823904075,0.005665611315631824,2.7029183879707405e-11,1.4484981966348418,25928,0.6173333333333333,11,2020,Fall
2020-12-23,15.0,-11.0,3.0,745,1789.0684119046296,15.345698977323632,0.9153163610288763,0.15074572964806104,7.191693567993577e-10,38.540398446177036,689870,16.42547619047619,12,2020,Winter
2021-01-29,17.0,-13.0,1.0,1098,2636.774652713132,22.616882519599127,1.3490165965230954,0.22217290087727654,1.0599301392828117e-09,56.801822139466296,1016748,24.208285714285715,1,2021,Winter
2021-03-15,30.0,-5.0,12.0,499,1198.315620859611,10.278528576757708,0.6130776700045761,0.10096928737501,4.816986698562141e-10,25.81430714717093,462074,11.001761904761905,3,2021,Spring
2021-05-04,36.0,6.0,22.0,63,151.29034892616332,1.2976899806327367,0.07740259160378417,0.012747625460171604,6.081566372934166e-11,3.259120942428394,58338,1.389,5,2021,Spring
2021-06-17,41.0,10.0,29.0,90,216.129069894519,1.8538428294753382,0.1105751308625488,0.018210893514530865,8.687951961334522e-11,4.655887060611992,83340,1.9842857142857142,6,2021,Summer
2021-07-29,41.0,16.0,31.0,26,62.437286858416606,0.5355545951817644,0.03194392669362521,0.005260924793086694,2.5098527888299733e-11,1.345034039732353,24076,0.5732380952380952,7,2021,Summer
2021-09-05,37.0,9.0,24.0,30,72.043023298173,0.6179476098251127,0.03685837695418293,0.006070297838176955,2.8959839871115077e-11,1.5519623535373304,27780,0.6614285714285715,9,2021,Fall
2021-10-23,32.0,-2.0,16.0,63,151.29034892616332,1.2976899806327367,0.07740259160378417,0.012747625460171604,6.081566372934166e-11,3.259120942428394,58338,1.389,10,2021,Fall
2021-12-02,19.0,-10.0,4.0,881,2115.663450856347,18.147061475197475,1.0824076698878389,0.1782644131811299,8.504539642150794e-10,45.57596111554627,815806,19.423952380952382,12,2021,Winter
2022-03-21,25.0,-7.0,12.0,4223,10141.25624627282,86.98642520971504,5.188430862583818,0.8544955923540426,4.076580125857299e-09,218.46456729960488,3910498,93.10709523809524,3,2022,Spring
2022-05-13,35.0,4.0,21.0,80,192.114728795128,1.6478602928669672,0.0982890052111545,0.01618746090180521,7.722623965630687e-11,4.138566276099548,74080,1.7638095238095237,5,2022,Spring
2022-06-17,41.0,10.0,28.0,70,168.100387695737,1.4418777562585963,0.08600287955976019,0.01416402828907956,6.757295969926852e-11,3.6212454915871044,64820,1.5433333333333332,6,2022,Summer
2022-07-24,42.0,12.0,30.0,96,230.53767455415363,1.9774323514403607,0.11794680625338538,0.019424953082166255,9.267148758756825e-11,4.966279531319458,88896,2.1165714285714285,7,2022,Summer
2022-08-30,40.0,7.0,27.0,99,237.74197688397092,2.039227112422872,0.12163264394880369,0.020031982865983948,9.556747157467976e-11,5.12147576667319,91674,2.182714285714286,8,2022,Summer
2014-02-07,22.0,-7.0,10.0,4571,10976.955316531627,94.15461748368634,5.6159880352523395,0.9249110472768953,4.4125142683622336e-09,236.46733060063792,4232746,100.77966666666667,2,2014,Winter
2014-11-02,25.0,2.0,12.0,1032,2478.2800014571512,21.257397777983876,1.267928167223893,0.20881824563328724,9.962184915663587e-10,53.387504961684165,955632,22.75314285714286,11,2014,Fall
2015-01-15,24.0,-2.0,10.0,1773,4257.742676922025,36.52070374066416,2.1783300779922112,0.358754602236258,1.711526536382901e-09,91.72097509405623,1641798,39.090428571428575,1,2015,Winter
2015-02-28,27.0,-1.0,13.0,904,2170.8964353849465,18.620821309396728,1.1106657588860458,0.1829183081903989,8.726565081162676e-10,46.76579891992489,837104,19.931047619047618,2,2015,Winter
2015-05-08,39.0,15.0,28.0,281,674.8029848928871,5.788109278695222,0.34524013080418015,0.056858456417590804,2.712571667927779e-10,14.536714044799663,260206,6.195380952380952,5,2015,Spring
2015-08-07,41.0,20.0,32.0,100,240.14341099391,2.059825366083709,0.12286125651394311,0.020234326127256515,9.653279957038359e-11,5.173207845124435,92600,2.204761904761905,8,2015,Summer
2015-10-30,35.0,10.0,23.0,51,122.47313960689411,1.0505109367026917,0.062659240822111,0.010319506324900822,4.9231727780895634e-11,2.6383360010134616,47226,1.1244285714285713,10,2015,Fall
2015-12-15,27.0,-4.0,8.0,804,1930.7530243910364,16.56099594331302,0.9878045023721026,0.16268398206314238,7.761237085458841e-10,41.59259107480045,744504,17.726285714285716,12,2015,Winter
2016-01-29,23.0,-3.0,10.0,946,2271.756668002389,19.485947963151887,1.1622674866219018,0.1914167251638466,9.132002839358288e-10,48.93854621487716,875996,20.85704761904762,1,2016,Winter
2016-03-03,30.0,7.0,18.0,559,1342.401667455957,11.514423796407934,0.686794423912942,0.11310988305136392,5.396183495984443e-10,28.91823185424559,517634,12.324619047619048,3,2016,Spring
2016-04-29,35.0,5.0,21.0,87,208.9247675647017,1.7920480684928268,0.10688929316713051,0.017603863730713168,8.398353562623373e-11,4.500690825258259,80562,1.9181428571428571,4,2016,Spring
2016-08-28,41.0,19.0,30.0,73,175.30469002555432,1.5036725172411076,0.08968871725517848,0.014771058072897256,7.046894368638002e-11,3.7764417269408375,67598,1.6094761904761905,8,2016,Summer
2016-10-03,32.0,10.0,22.0,60,144.086046596346,1.2358952196502253,0.07371675390836586,0.01214059567635391,5.7919679742230153e-11,3.1039247070746607,55560,1.322857142857143,10,2016,Fall
2016-11-04,30.0,-5.0,13.0,110,264.157752093301,2.26580790269208,0.13514738216533742,0.022257758739982165,1.0618607952742195e-10,5.690528629636878,101860,2.4252380952380954,11,2016,Fall
2016-12-12,28.0,-2.0,11.0,571,1371.2188767752261,11.761602840337979,0.7015377746946152,0.1155380021866347,5.512022855468903e-10,29.539016795660523,528746,12.589190476190476,12,2016,Winter
2017-01-26,23.0,-3.0,8.0,896,2151.6849625054338,18.456035280110033,1.1008368583649304,0.18129956210021836,8.64933884150637e-10,46.35194229231494,829696,19.754666666666665,1,2017,Winter
2017-03-08,28.0,4.0,16.0,768,1844.301396433229,15.819458811522885,0.9435744500270831,0.15539962465733004,7.41371900700546e-10,39.73023625055566,711168,16.93257142857143,3,2017,Spring
2017-04-21,35.0,5.0,23.0,126,302.58069785232664,2.5953799612654733,0.15480518320756834,0.02549525092034321,1.2163132745868333e-10,6.518241884856788,116676,2.778,4,2017,Spring
2017-05-19,39.0,15.0,28.0,65,156.0932171460415,1.338886487954411,0.07985981673406302,0.013152311982716734,6.274631972074933e-11,3.362585099330883,60190,1.4330952380952382,5,2017,Spring
2017-08-09,40.0,17.0,31.0,43,103.26166672738131,0.8857249074159949,0.05283034030099554,0.0087007602347203,4.1509103815264946e-11,2.224479373403507,39818,0.948047619047619,8,2017,Summer
2017-09-11,38.0,15.0,28.0,63,151.29034892616332,1.2976899806327367,0.07740259160378417,0.012747625460171604,6.081566372934166e-11,3.259120942428394,58338,1.389,9,2017,Fall
2017-10-13,35.0,10.0,23.0,50,120.071705496955,1.0299126830418546,0.061430628256971556,0.010117163063628257,4.8266399785191794e-11,2.5866039225622175,46300,1.1023809523809525,10,2017,Fall
2017-11-29,30.0,2.0,15.0,226,542.7241088462366,4.655205327349182,0.27766643972151145,0.04572957704759972,2.181641270290669e-10,11.691449729981223,209276,4.9827619047619045,11,2017,Fall
2018-01-03,23.0,-3.0,9.0,681,1635.3766288685272,14.027410743030059,0.8366851568599526,0.13779576092661686,6.573883650743122e-10,35.2295454252974,630606,15.01442857142857,1,2018,Winter
2018-02-13,27.0,-1.0,13.0,813,1952.3659313804883,16.746380226260555,0.9988620154583575,0.16450507141459547,7.848116605072186e-10,42.05817978086166,752838,17.924714285714284,2,2018,Winter
2018-04-23,31.0,7.0,20.0,208,499.49829486733285,4.284436761454115,0.2555514135490017,0.04208739834469355,2.0078822310639786e-10,10.760272317858824,192608,4.585904761904762,4,2018,Spring
2018-06-20,42.0,22.0,33.0,32,76.8458915180512,0.6591441171467869,0.0393156020844618,0.006474984360722085,3.089049586252275e-11,1.6554265104398191,29632,0.7055238095238096,6,2018,Summer
2018-07-24,43.0,22.0,34.0,51,122.47313960689411,1.0505109367026917,0.062659240822111,0.010319506324900822,4.9231727780895634e-11,2.6383360010134616,47226,1.1244285714285713,7,2018,Summer
2018-09-09,41.0,16.0,29.0,40,96.057364397564,0.8239301464334836,0.04914450260557725,0.008093730450902606,3.8613119828153436e-11,2.069283138049774,37040,0.8819047619047619,9,2018,Fall
2018-10-15,33.0,8.0,21.0,31,74.4444574081121,0.6385458634859498,0.038086989519322365,0.00627264109944952,2.9925167866818916e-11,1.6036944319885749,28706,0.6834761904761905,10,2018,Fall
2018-11-26,24.0,4.0,13.0,326,782.8675198401467,6.715030693432891,0.40052769623545453,0.06596390317485623,3.146969265994505e-10,16.864657575105657,301876,7.187523809523809,11,2018,Fall
2018-12-30,23.0,0.0,10.0,654,1570.5379079001714,13.471257894187458,0.803512617601188,0.1323324928722576,6.313245091903087e-10,33.8327793071138,605604,14.419142857142857,12,2018,Winter
2019-01-26,25.0,-3.0,10.0,919,2206.917947034033,18.929795114309286,1.1290949473631373,0.18595345710948738,8.871364280518252e-10,47.54178009669356,850994,20.261761904761904,1,2019,Winter
2019-03-12,25.0,3.0,14.0,526,1263.1543418279666,10.83468142560031,0.6462502092633408,0.10643255542936926,5.077625257402177e-10,27.21107326535453,487076,11.597047619047618,3,2019,Spring
2019-04-28,31.0,8.0,20.0,216,518.7097677468456,4.449222790740811,0.26538031407011714,0.04370614443487407,2.0851084707202855e-10,11.174128945468778,200016,4.7622857142857145,4,2019,Spring
2019-06-11,43.0,19.0,33.0,56,134.4803101565896,1.153502205006877,0.06880230364780815,0.011331222631263647,5.405836775941481e-11,2.8969963932696836,51856,1.2346666666666666,6,2019,Summer
2019-07-20,44.0,24.0,36.0,66,158.4946512559806,1.359484741615248,0.08108842929920246,0.0133546552439893,6.371164771645316e-11,3.414317177782127,61116,1.455142857142857,7,2019,Summer
2019-08-23,44.0,19.0,32.0,25,60.0358527484775,0.5149563415209273,0.030715314128485778,0.005058581531814129,2.4133199892595897e-11,1.2933019612811087,23150,0.5511904761904762,8,2019,Summer
2019-09-27,40.0,18.0,30.0,75,180.1075582454325,1.5448690245627819,0.09214594238545734,0.015175744595442386,7.23995996777877e-11,3.879905883843326,69450,1.6535714285714285,9,2019,Fall
2019-11-01,25.0,1.0,11.0,222,533.1183724064803,4.572812312705834,0.2727519894609537,0.04492020400250946,2.1430281504625157e-10,11.484521416176245,205572,4.894571428571428,11,2019,Fall
2019-12-06,22.0,2.0,10.0,731,1755.4483343654822,15.057323426071912,0.8981157851169241,0.1479129239902451,7.056547648595041e-10,37.81614934785962,676906,16.116809523809525,12,2019,Winter
2020-01-10,18.0,-1.0,6.0,657,1577.7422102299888,13.533052655169968,0.8071984552966063,0.1329395226560753,6.342204931774202e-10,33.98797554246754,608382,14.485285714285714,1,2020,Winter
2020-02-16,28.0,-4.0,12.0,756,1815.4841871139597,15.57227976759284,0.92883109924541,0.15297150552205924,7.297879647520999e-10,39.10945130914073,700056,16.668,2,2020,Winter
2020-04-18,33.0,5.0,20.0,98,235.3405427740318,2.018628858762035,0.12040403138366425,0.019829639604711385,9.460214357897591e-11,5.069743688221946,90748,2.1606666666666667,4,2020,Spring
2020-06-13,42.0,22.0,33.0,25,60.0358527484775,0.5149563415209273,0.030715314128485778,0.005058581531814129,2.4133199892595897e-11,1.2933019612811087,23150,0.5511904761904762,6,2020,Summer
2020-07-09,42.0,24.0,34.0,70,168.100387695737,1.4418777562585963,0.08600287955976019,0.01416402828907956,6.757295969926852e-11,3.6212454915871044,64820,1.5433333333333332,7,2020,Summer
2020-08-13,44.0,18.0,33.0,54,129.6774419367114,1.1123056976852028,0.06634507851752929,0.010926536108718517,5.212771176800714e-11,2.7935322363671946,50004,1.1905714285714286,8,2020,Summer
2020-09-27,38.0,15.0,27.0,199,477.88538787788093,4.099052478506581,0.2444939004627468,0.04026630899324046,1.9210027114506333e-10,10.294683611797625,184274,4.387476190476191,9,2020,Fall
2020-11-03,28.0,3.0,14.0,820,1969.175970150062,16.890568001886415,1.0074623034143335,0.16592147424350343,7.915689564771454e-10,42.420304330020365,759320,18.079047619047618,11,2020,Fall
2020-12-09,19.0,-3.0,7.0,1195,2869.7137613772247,24.614913124700323,1.4681920153416201,0.24180019722071536,1.153566954866084e-09,61.819833749237,1106570,26.346904761904764,12,2020,Winter
2021-01-23,24.0,-6.0,7.0,1346,3232.330311978029,27.725249427486723,1.6537125126776744,0.2723540296728727,1.2993314822173632e-09,69.63137759537489,1246396,29.67609523809524,1,2021,Winter
2021-02-28,28.0,0.0,12.0,949,2278.960970332206,19.547742724134398,1.1659533243173201,0.19202375494766433,9.160962679229403e-10,49.093742450230884,878774,20.923190476190477,2,2021,Winter
2021-04-11,35.0,9.0,24.0,34,81.64875973792941,0.7003406244684611,0.04177282721474066,0.006879670883267215,3.282115185393042e-11,1.758890667342308,31484,0.7496190476190476,4,2021,Spring
2021-06-08,44.0,20.0,34.0,49,117.6702713870159,1.0093144293810175,0.060202015691832124,0.009914819802355692,4.7301071789487955e-11,2.534871844110973,45374,1.0803333333333334,6,2021,Summer
2021-08-27,41.0,19.0,32.0,149,357.8136823809259,3.0691397954647264,0.18306327220577523,0.030149145929612205,1.4383387135987154e-10,7.708079689235408,137974,3.2850952380952383,8,2021,Summer
2021-10-10,35.0,8.0,21.0,393,943.7636052060664,8.095113688708976,0.48284473809979644,0.0795209016801181,3.793739023116075e-10,20.33070683133903,262918,6.259952380952381,10,2021,Fall
2021-11-19,28.0,2.0,13.0,808,1940.3587608307928,16.64338895795637,0.9927189526326604,0.16349335510823262,7.799850205286994e-10,41.79951938860543,748208,17.814476190476192,11,2021,Fall
2021-12-20,23.0,0.0,10.0,994,2387.0255052794655,20.47466413887207,1.2212408897485945,0.20112920170492976,9.595360277296128e-10,51.421685980536886,920444,21.915333333333333,12,2021,Winter
2022-02-02,27.0,0.0,12.0,839,2014.803218238905,17.28193482144232,1.0308059421519826,0.16976599620768215,8.099101883955184e-10,43.40321382059401,776914,18.49795238095238,2,2022,Winter
2016-01-31,23.0,-3.0,10.0,150,360.215116490865,3.0897380491255637,0.18429188477091468,0.030351489190884772,1.447991993555754e-10,7.759811767686652,138900,3.307142857142857,1,2016,Winter
2016-07-11,44.0,23.0,35.0,73,175.30469002555432,1.5036725172411076,0.08968871725517848,0.014771058072897256,7.046894368638002e-11,3.7764417269408375,67598,1.6094761904761905,7,2016,Summer
2016-10-15,32.0,10.0,22.0,207,497.0968607573937,4.263838507793277,0.25432280098386223,0.04188505508342098,1.9982289511069402e-10,10.70854023940758,191682,4.563857142857143,10,2016,Fall
2016-11-23,30.0,-5.0,13.0,380,912.544961776858,7.827336391118094,0.46687277475298383,0.07689043928357475,3.6682463836745765e-10,19.65818981147285,351880,8.378095238095238,11,2016,Fall
2016-12-25,28.0,-2.0,11.0,1776,4264.946979251842,36.582498501646675,2.1820159156876295,0.3593616320200757,1.7144225203700126e-09,91.87617132940996,1644576,39.156571428571425,12,2016,Winter
2017-02-08,23.0,-6.0,9.0,328,787.6703880600248,6.756227200754566,0.40298492136573344,0.06636858969740136,3.1662758259085815e-10,16.968121732008147,303576,7.228,2,2017,Winter
2017-04-27,35.0,5.0,23.0,194,465.8782173281854,3.9960612102023956,0.23835083763704965,0.039254592686877636,1.8727363116654416e-10,10.036023219541404,179644,4.277238095238095,4,2017,Spring
2017-06-09,44.0,21.0,34.0,69,165.6989535857979,1.4212795025977591,0.08477426699462075,0.013961685027806994,6.660763170356467e-11,3.56951341313586,63894,1.5212857142857144,6,2017,Summer
2017-07-16,42.0,19.0,33.0,35,84.0501938478685,0.7209388781292981,0.043001439779880093,0.00708201414453978,3.378647984963426e-11,1.8106227457935522,32410,0.7716666666666666,7,2017,Summer
2017-08-21,40.0,17.0,31.0,20,48.028682198782,0.4119650732167418,0.024572251302788624,0.004046865225451303,1.9306559914076718e-11,1.034641569024887,18520,0.44095238095238093,8,2017,Summer
2017-09-28,38.0,15.0,28.0,99,237.74197688397092,2.039227112422872,0.12163264394880369,0.020031982865983948,9.556747157467976e-11,5.12147576667319,91674,2.182714285714286,9,2017,Fall
2017-11-03,30.0,2.0,15.0,810,1945.161629050671,16.684585465278044,0.9951761777629392,0.16389804163077776,7.819156765201071e-10,41.90298354550792,750060,17.85857142857143,11,2017,Fall
2017-12-12,25.0,-1.0,10.0,981,2355.806861850257,20.206886841281186,1.205268926401782,0.1984987393083864,9.46986763785463e-10,50.74916896067071,928406,22.104904761904763,12,2017,Winter
2018-02-21,27.0,-1.0,13.0,2179,5232.724925557299,44.88359472696402,2.6771467794388206,0.44090596631291945,2.1034497026386583e-09,112.72419894526143,2017754,48.041761904761906,2,2018,Winter
2018-04-06,31.0,7.0,20.0,449,1078.243915362656,9.248615893715854,0.5516470417476046,0.09085212431138175,4.334322700710223e-10,23.227703224608714,415774,9.899380952380952,4,2018,Spring
2018-09-25,41.0,16.0,29.0,94,225.73480633427542,1.9362358441186864,0.11548958112310653,0.019020266559621125,9.074083159616058e-11,4.862815374416969,87044,2.0724761904761904,9,2018,Fall
2018-12-05,23.0,0.0,10.0,325,780.4660857302075,6.694432439772054,0.39929908367031514,0.06576155991358368,3.137315986037467e-10,16.81292549665441,300950,7.16547619047619,12,2018,Winter
2019-04-04,31.0,8.0,20.0,652,1565.7350396802933,13.430061386865782,0.8010553924709091,0.13192780634971246,6.29393853198901e-10,33.72931515021131,603752,14.375047619047619,4,2019,Spring
2019-05-07,35.0,15.0,26.0,55,132.0788760466505,1.13290395134604,0.06757369108266871,0.011128879369991082,5.309303976371098e-11,2.845264314818439,50930,1.2126190476190477,5,2019,Spring
2019-09-10,40.0,18.0,30.0,91,218.53050400445812,1.8744410831361753,0.11180374342768823,0.018413236775803428,8.784484760904907e-11,4.707619139063236,84266,2.0063333333333335,9,2019,Fall
2019-10-02,35.0,11.0,23.0,30,72.043023298173,0.6179476098251127,0.03685837695418293,0.006070297838176955,2.8959839871115077e-11,1.5519623535373304,27780,0.6614285714285715,10,2019,Fall
2020-03-02,27.0,2.0,15.0,8190,19667.74536040123,168.69969748225577,10.062336908491941,1.6571913098223086,7.906036284814416e-09,423.6857225156912,7583940,180.57,3,2020,Spring
2020-05-04,39.0,13.0,27.0,70,168.100387695737,1.4418777562585963,0.08600287955976019,0.01416402828907956,6.757295969926852e-11,3.6212454915871044,64820,1.5433333333333332,5,2020,Spring
2020-06-21,42.0,22.0,33.0,79,189.7132946851889,1.62726203920613,0.09706039264601506,0.015985117640532648,7.626091166060304e-11,4.086834197648304,73154,1.7417619047619048,6,2020,Summer
2020-07-26,42.0,24.0,34.0,62,148.8889148162242,1.2770917269718995,0.07617397903864473,0.01254528219889904,5.985033573363783e-11,3.2073888639771497,57412,1.366952380952381,7,2020,Summer
2020-08-29,44.0,18.0,33.0,64,153.6917830361024,1.3182882342935738,0.0786312041689236,0.01294996872144417,6.17809917250455e-11,3.3108530208796383,59264,1.411047619047619,8,2020,Summer
2020-10-01,32.0,7.0,19.0,204,489.89255842757643,4.202043746810767,0.250636963288444,0.04127802529960329,1.9692691112358253e-10,10.553344004053846,188904,4.497714285714285,10,2020,Fall
2020-11-15,28.0,3.0,14.0,640,1536.917830361024,13.182882342935738,0.786312041689236,0.1294996872144417,6.17809917250455e-10,33.10853020879638,592640,14.11047619047619,11,2020,Fall
2020-12-15,19.0,-3.0,7.0,2243,5386.416708593401,46.201882961257596,2.7557779836077443,0.4538559350343636,2.165230694363704e-09,116.03505196614107,2077018,49.45280952380952,12,2020,Winter
2021-01-27,24.0,-6.0,7.0,3310,7948.746903898422,68.18021961737077,4.066707590611517,0.6697561948121906,3.195235665779697e-09,171.2331796736188,3065060,72.97761904761904,1,2021,Winter
2021-03-21,33.0,4.0,18.0,4419,10611.937331820884,91.02368292723911,5.429238925351147,0.8941548715634654,4.265784413015251e-09,228.60405467604878,4091994,97.42842857142857,3,2021,Spring
2021-05-06,40.0,14.0,27.0,247,593.1542251549578,5.087768654226761,0.3034673035894395,0.04997878553432359,2.3843601493884745e-10,12.777823377457354,228722,5.445761904761905,5,2021,Spring
2021-06-14,44.0,20.0,34.0,94,225.73480633427542,1.9362358441186864,0.11548958112310653,0.019020266559621125,9.074083159616058e-11,4.862815374416969,87044,2.0724761904761904,6,2021,Summer
2021-07-30,45.0,24.0,35.0,82,196.9175970150062,1.6890568001886415,0.10074623034143336,0.01659214742435034,7.915689564771454e-11,4.242030433002037,75932,1.807904761904762,7,2021,Summer
2021-09-04,39.0,18.0,29.0,22,52.8315504186602,0.453161580538416,0.027029476433067485,0.004451551747996433,2.123721590548439e-11,1.1381057259273757,20372,0.48504761904761906,9,2021,Fall
2021-10-17,35.0,8.0,21.0,85,204.1218993448235,1.7508515611711526,0.10443206803685165,0.017199177208168038,8.205287963482605e-11,4.39722666835577,78710,1.874047619047619,10,2021,Fall
2021-11-26,28.0,2.0,13.0,1208,2900.9324048064327,24.882690422291205,1.4841639786884329,0.24443065961725868,1.1661162188102337e-09,62.492350769103176,1118608,26.63352380952381,11,2021,Fall
2022-01-06,23.0,-3.0,9.0,3726,8947.743493633086,76.749093140279,4.577810417709521,0.7539309915015777,3.5968121119924926e-09,192.75372430933643,3450276,82.14942857142857,1,2022,Winter
2022-03-29,30.0,3.0,18.0,7194,17275.916986901888,148.18383683606203,8.838638793613068,1.4556574215948337,6.944569601093395e-09,372.16057237825186,6661644,158.61057142857143,3,2022,Spring
2015-01-13,14.0,-11.0,1.0,3714,8918.926284313819,76.50191409634895,4.5630670669278475,0.751502872366307,3.5852281760440466e-09,192.13293936792152,3934164,93.67057142857144,1,2015,Winter
2015-03-31,19.0,-12.0,6.0,1317,3162.688722789795,27.127900071322447,1.6180827482886309,0.2664860750959683,1.271336970341952e-09,68.1311473202888,1219542,29.036714285714286,3,2015,Spring
2015-05-09,31.0,5.0,19.0,78,187.3118605752498,1.606663785545293,0.09583178008087563,0.01578277437926008,7.52955836648992e-11,4.0351021191970595,72228,1.7197142857142858,5,2015,Spring
2015-06-10,38.0,12.0,24.0,97,232.9391086640927,1.9980306051011978,0.11917541881852482,0.019627296343438818,9.363681558327208e-11,5.018011609770702,89822,2.1386190476190476,6,2015,Summer
2016-12-22,15.0,-8.0,3.0,2879,6913.728802514669,59.302372289549986,3.5371755750364224,0.582546249203715,2.7791792996313435e-09,148.93665386113247,2665954,63.475095238095236,12,2016,Winter
2017-01-17,13.0,-11.0,0.0,472,1133.4768998912552,9.722375727915107,0.5799051307458115,0.09550601932065075,4.5563481397221056e-10,24.417541028987333,437072,10.40647619047619,1,2017,Winter
2017-02-21,14.0,-19.0,-2.0,692,1661.7924040778573,14.253991533299267,0.8501998950764863,0.14002153680061508,6.680069730270544e-10,35.79859828826109,640792,15.25695238095238,2,2017,Winter
2017-04-03,26.0,-2.0,12.0,161,386.6308917001951,3.3163188393947713,0.19780662298744842,0.03257726506488299,1.554178073083176e-10,8.32886463065034,149086,3.5496666666666665,4,2017,Spring
2017-05-09,30.0,5.0,18.0,100,240.14341099391,2.059825366083709,0.12286125651394311,0.020234326127256515,9.653279957038359e-11,5.173207845124435,92600,2.204761904761905,5,2017,Spring
2017-06-24,36.0,6.0,23.0,22,52.8315504186602,0.453161580538416,0.027029476433067485,0.004451551747996433,2.123721590548439e-11,1.1381057259273757,20372,0.48504761904761906,6,2017,Summer
2017-10-12,27.0,-2.0,14.0,39,93.6559302876249,0.8033318927726465,0.047915890040437815,0.00789138718963004,3.76477918324496e-11,2.0175510595985298,36114,0.8598571428571429,10,2017,Fall
2017-11-14,20.0,-7.0,7.0,44,105.6631008373204,0.906323161076832,0.05405895286613497,0.008903103495992866,4.247443181096878e-11,2.2762114518547514,40744,0.9700952380952381,11,2017,Fall
2018-01-01,15.0,-7.0,0.0,376,902.9392253371017,7.744943376474746,0.46195832449242613,0.0760810662384845,3.629633263846423e-10,19.451261497667875,348176,8.289904761904761,1,2018,Winter
2018-04-17,22.0,0.0,10.0,621,1491.2905822721812,12.791515523379832,0.7629684029515867,0.12565516525026296,5.994686853320821e-10,32.12562071822274,575046,13.691571428571429,4,2018,Spring
2018-12-20,15.0,-6.0,3.0,259,621.971434474227,5.334947698156807,0.3182106543711127,0.05240690466959437,2.500199508872935e-10,13.398608318872286,239834,5.710333333333334,12,2018,Winter
2019-02-02,11.0,-9.0,2.0,305,732.4374035314255,6.282467366555313,0.3747268323675265,0.06171469468813237,2.9442503868966993e-10,15.778283927629527,282430,6.724523809523809,2,2019,Winter
2019-03-11,16.0,-6.0,4.0,474,1138.2797681111335,9.763572235236781,0.5823623558760903,0.09591070584319587,4.575654699636182e-10,24.52100518588982,438924,10.450571428571429,3,2019,Spring
2019-04-21,20.0,-4.0,9.0,383,919.7492641066754,7.889131152100606,0.47055861244840214,0.07749746906739245,3.6972062235456916e-10,19.813386046826587,354658,8.444238095238095,4,2019,Spring
2019-06-15,37.0,7.0,23.0,68,163.29751947585882,1.4006812489369223,0.08354565442948132,0.01375934176653443,6.564230370786084e-11,3.517781334684616,62968,1.4992380952380953,6,2019,Summer
2019-07-09,38.0,13.0,26.0,52,124.87457371683321,1.0711091903635288,0.06388785338725042,0.010521849586173387,5.0197055776599466e-11,2.690068079464706,48152,1.1464761904761904,7,2019,Summer
2019-08-16,38.0,12.0,26.0,59,141.6846124864069,1.2152969659893884,0.07248814134322644,0.011938252415081344,5.695435174652632e-11,3.0521926286234167,54634,1.3008095238095239,8,2019,Summer
2019-09-25,33.0,4.0,21.0,29,69.64158918823391,0.5973493561642756,0.0356297643890435,0.00586795457690439,2.799451187541124e-11,1.500230275086086,26854,0.6393809523809524,9,2019,Fall
2019-10-25,28.0,3.0,14.0,97,232.9391086640927,1.9980306051011978,0.11917541881852482,0.019627296343438818,9.363681558327208e-11,5.018011609770702,89822,2.1386190476190476,10,2019,Fall
2020-02-01,15.0,-6.0,2.0,1122,2694.4090713516703,23.111240607459216,1.3785032980864418,0.22702913914781808,1.0830980111797038e-09,58.04339202229616,1038972,24.73742857142857,2,2020,Winter
2020-02-08,15.0,-6.0,2.0,119,285.7706590827529,2.4511921856396137,0.1462048952515923,0.02407884809143525,1.1487403148875647e-10,6.156117335698077,110194,2.623666666666667,2,2020,Winter
2020-03-29,20.0,-6.0,6.0,413,991.7922874048484,8.507078761925719,0.5074169894025851,0.0835677669055694,3.986804622256842e-10,21.365348400363917,382438,9.105666666666666,3,2020,Spring
2020-04-24,21.0,0.0,11.0,81,194.51616290506712,1.6684585465278043,0.09951761777629392,0.016389804163077778,7.81915676520107e-11,4.190298354550793,75006,1.7858571428571428,4,2020,Spring
2020-07-12,38.0,13.0,26.0,56,134.4803101565896,1.153502205006877,0.06880230364780815,0.011331222631263647,5.405836775941481e-11,2.8969963932696836,51856,1.2346666666666666,7,2020,Summer
2020-08-11,36.0,11.0,23.0,31,74.4444574081121,0.6385458634859498,0.038086989519322365,0.00627264109944952,2.9925167866818916e-11,1.6036944319885749,28706,0.6834761904761905,8,2020,Summer
2020-09-21,32.0,5.0,20.0,45,108.0645349472595,0.9269214147376691,0.0552875654312744,0.009105446757265432,4.343975980667261e-11,2.327943530305996,41670,0.9921428571428571,9,2020,Fall
2020-11-01,22.0,-3.0,6.0,53,127.2760078267723,1.0917074440243657,0.06511646595238985,0.010724192847445952,5.11623837723033e-11,2.7418001579159506,49078,1.1685238095238095,11,2020,Fall
2021-02-21,17.0,-9.0,3.0,50,120.071705496955,1.0299126830418546,0.061430628256971556,0.010117163063628257,4.8266399785191794e-11,2.5866039225622175,46300,1.1023809523809525,2,2021,Winter
2021-04-13,28.0,-4.0,14.0,22,52.8315504186602,0.453161580538416,0.027029476433067485,0.004451551747996433,2.123721590548439e-11,1.1381057259273757,20372,0.48504761904761906,4,2021,Spring
2021-05-29,31.0,4.0,18.0,99,237.74197688397092,2.039227112422872,0.12163264394880369,0.020031982865983948,9.556747157467976e-11,5.12147576667319,91674,2.182714285714286,5,2021,Spring
2021-07-07,38.0,14.0,27.0,40,96.057364397564,0.8239301464334836,0.04914450260557725,0.008093730450902606,3.8613119828153436e-11,2.069283138049774,37040,0.8819047619047619,7,2021,Summer
2021-09-30,35.0,6.0,21.0,28,67.2401550782948,0.5767511025034385,0.034401151823904075,0.005665611315631824,2.7029183879707405e-11,1.4484981966348418,25928,0.6173333333333333,9,2021,Fall
2021-10-25,28.0,-2.0,13.0,189,453.8710467784899,3.89306994189821,0.2322077748113525,0.03824287638051481,1.8244699118802498e-10,9.777362827285183,175014,4.167,10,2021,Fall
2021-12-19,17.0,-8.0,3.0,785,1885.1257763021936,16.169629123757115,0.9644608636344535,0.15883946009896363,7.577824766275112e-10,40.60968158422681,726910,17.307380952380953,12,2021,Winter
2022-02-25,16.0,-12.0,3.0,2437,5852.294925921587,50.19794417145999,2.994128821244794,0.49311052772124125,2.352504325530248e-09,126.07107518568247,2256662,53.73004761904762,2,2022,Winter
2022-04-17,26.0,0.0,14.0,299,718.028798871791,6.15887784459029,0.3673551569766899,0.06050063512049698,2.886330707154469e-10,15.467891456922061,276874,6.592238095238096,4,2022,Spring
2022-05-25,29.0,4.0,16.0,34,81.64875973792941,0.7003406244684611,0.04177282721474066,0.006879670883267215,3.282115185393042e-11,1.758890667342308,31484,0.7496190476190476,5,2022,Spring
2022-07-05,38.0,15.0,26.0,91,218.53050400445812,1.8744410831361753,0.11180374342768823,0.018413236775803428,8.784484760904907e-11,4.707619139063236,84266,2.0063333333333335,7,2022,Summer
2014-04-06,25.0,-5.0,13.0,21,50.430116308721104,0.4325633268775789,0.025800863867928053,0.004249208486723868,2.0271887909780554e-11,1.0863736474761314,19446,0.463,4,2014,Spring
2015-01-10,11.0,-10.0,0.0,35,84.0501938478685,0.7209388781292981,0.043001439779880093,0.00708201414453978,3.378647984963426e-11,1.8106227457935522,32410,0.7716666666666666,1,2015,Winter
2015-02-19,14.0,-7.0,3.0,5,12.0071705496955,0.10299126830418545,0.006143062825697156,0.0010117163063628257,4.8266399785191794e-12,0.2586603922562217,53708,1.2787619047619048,2,2015,Winter
2015-04-02,28.0,-1.0,12.0,86,206.52333345476262,1.7714498148319897,0.10566068060199107,0.0174015204694406,8.301820763052989e-11,4.448958746807014,79636,1.896095238095238,4,2015,Spring
2015-04-30,28.0,-1.0,12.0,90,216.129069894519,1.8538428294753382,0.1105751308625488,0.018210893514530865,8.687951961334522e-11,4.655887060611992,83340,1.9842857142857142,4,2015,Spring
2015-06-14,35.0,12.0,23.0,88,211.3262016746408,1.812646322153664,0.10811790573226994,0.01780620699198573,8.494886362193756e-11,4.552422903709503,81488,1.9401904761904762,6,2015,Summer
2015-10-19,29.0,1.0,14.0,41,98.4587985075031,0.8445284000943207,0.05037311517071668,0.00829607371217517,3.957844782385727e-11,2.1210152165010183,37966,0.903952380952381,10,2015,Fall
2015-12-02,14.0,-11.0,-3.0,25,60.0358527484775,0.5149563415209273,0.030715314128485778,0.005058581531814129,2.4133199892595897e-11,1.2933019612811087,23150,0.5511904761904762,12,2015,Winter
2016-02-28,17.0,-7.0,4.0,43,103.26166672738131,0.8857249074159949,0.05283034030099554,0.0087007602347203,4.1509103815264946e-11,2.224479373403507,39818,0.948047619047619,2,2016,Winter
2016-04-18,26.0,-1.0,13.0,49,117.6702713870159,1.0093144293810175,0.060202015691832124,0.009914819802355692,4.7301071789487955e-11,2.534871844110973,45374,1.0803333333333334,4,2016,Spring
2016-05-23,28.0,6.0,17.0,37,88.8530620677467,0.7621353854509724,0.04545866491015895,0.0074867006670849105,3.5717135841041925e-11,1.914086902696041,34262,0.8157619047619048,5,2016,Spring
2016-08-20,36.0,12.0,25.0,65,156.0932171460415,1.338886487954411,0.07985981673406302,0.013152311982716734,6.274631972074933e-11,3.362585099330883,60190,1.4330952380952382,8,2016,Summer
2018-03-19,24.0,-1.0,11.0,42,100.86023261744221,0.8651266537551578,0.051601727735856105,0.008498416973447736,4.054377581956111e-11,2.172747294952263,38892,0.926,3,2018,Spring
2018-10-07,28.0,1.0,14.0,37,88.8530620677467,0.7621353854509724,0.04545866491015895,0.0074867006670849105,3.5717135841041925e-11,1.914086902696041,34262,0.8157619047619048,10,2018,Fall
2018-12-24,14.0,-5.0,3.0,34,81.64875973792941,0.7003406244684611,0.04177282721474066,0.006879670883267215,3.282115185393042e-11,1.758890667342308,31484,0.7496190476190476,12,2018,Winter
2019-09-15,32.0,7.0,19.0,56,134.4803101565896,1.153502205006877,0.06880230364780815,0.011331222631263647,5.405836775941481e-11,2.8969963932696836,51856,1.2346666666666666,9,2019,Fall
2019-10-29,27.0,4.0,14.0,56,134.4803101565896,1.153502205006877,0.06880230364780815,0.011331222631263647,5.405836775941481e-11,2.8969963932696836,51856,1.2346666666666666,10,2019,Fall
2020-02-18,12.0,-15.0,0.0,70,168.100387695737,1.4418777562585963,0.08600287955976019,0.01416402828907956,6.757295969926852e-11,3.6212454915871044,64820,1.5433333333333332,2,2020,Winter
2020-07-10,38.0,15.0,25.0,49,117.6702713870159,1.0093144293810175,0.060202015691832124,0.009914819802355692,4.7301071789487955e-11,2.534871844110973,45374,1.0803333333333334,7,2020,Summer
2020-08-10,34.0,10.0,22.0,96,230.53767455415363,1.9774323514403607,0.11794680625338538,0.019424953082166255,9.267148758756825e-11,4.966279531319458,88896,2.1165714285714285,8,2020,Summer
2020-09-15,32.0,6.0,20.0,26,62.437286858416606,0.5355545951817644,0.03194392669362521,0.005260924793086694,2.5098527888299733e-11,1.345034039732353,24076,0.5732380952380952,9,2020,Fall
2020-10-27,24.0,4.0,13.0,56,134.4803101565896,1.153502205006877,0.06880230364780815,0.011331222631263647,5.405836775941481e-11,2.8969963932696836,51856,1.2346666666666666,10,2020,Fall
2020-12-07,8.0,-10.0,0.0,59,141.6846124864069,1.2152969659893884,0.07248814134322644,0.011938252415081344,5.695435174652632e-11,3.0521926286234167,54634,1.3008095238095239,12,2020,Winter
2021-06-29,36.0,11.0,24.0,68,163.29751947585882,1.4006812489369223,0.08354565442948132,0.01375934176653443,6.564230370786084e-11,3.517781334684616,62968,1.4992380952380953,6,2021,Summer
2021-09-03,34.0,6.0,19.0,65,156.0932171460415,1.338886487954411,0.07985981673406302,0.013152311982716734,6.274631972074933e-11,3.362585099330883,60190,1.4330952380952382,9,2021,Fall
2021-09-21,34.0,6.0,19.0,42,100.86023261744221,0.8651266537551578,0.051601727735856105,0.008498416973447736,4.054377581956111e-11,2.172747294952263,38892,0.926,9,2021,Fall
2021-11-06,18.0,-4.0,6.0,52,124.87457371683321,1.0711091903635288,0.06388785338725042,0.010521849586173387,5.0197055776599466e-11,2.690068079464706,48152,1.1464761904761904,11,2021,Fall
2021-12-14,16.0,-11.0,0.0,27,64.8387209683557,0.5561528488426014,0.03317253925876464,0.005463268054359259,2.606385588400357e-11,1.3967661181835973,25002,0.5952857142857143,12,2021,Winter
2022-03-04,18.0,-7.0,4.0,49,117.6702713870159,1.0093144293810175,0.060202015691832124,0.009914819802355692,4.7301071789487955e-11,2.534871844110973,45374,1.0803333333333334,3,2022,Spring
2022-04-19,26.0,2.0,14.0,66,158.4946512559806,1.359484741615248,0.08108842929920246,0.0133546552439893,6.371164771645316e-11,3.414317177782127,61116,1.455142857142857,4,2022,Spring
2022-05-22,29.0,5.0,15.0,66,158.4946512559806,1.359484741615248,0.08108842929920246,0.0133546552439893,6.371164771645316e-11,3.414317177782127,61116,1.455142857142857,5,2022,Spring
2022-06-28,35.0,12.0,23.0,100,240.14341099391,2.059825366083709,0.12286125651394311,0.020234326127256515,9.653279957038359e-11,5.173207845124435,92600,2.204761904761905,6,2022,Summer
2016-09-16,35.0,4.0,20.0,107,256.9534497634837,2.2040131417095687,0.13146154446991914,0.02165072895616447,1.0329009554031044e-10,5.535332394283145,99082,2.359095238095238,9,2016,Fall
2016-10-23,29.0,1.0,14.0,127,304.9821319622657,2.6159782149263107,0.15603379577270776,0.02569759418161577,1.2259665545438715e-10,6.5699739633080325,117602,2.800047619047619,10,2016,Fall
2016-12-13,13.0,-9.0,2.0,1450,3482.079459411695,29.86746780821378,1.781488219452175,0.2933977288452195,1.399725593770562e-09,75.0115137543043,1342700,31.96904761904762,12,2016,Winter
2017-01-22,11.0,-11.0,0.0,1728,4149.678141974765,35.59378232592649,2.123042512560937,0.34964915547899256,1.6680867765762284e-09,89.39303156375023,1600128,38.098285714285716,1,2017,Winter
2017-03-07,18.0,-3.0,6.0,2116,5081.434576631136,43.58590474633128,2.5997441878350362,0.42815834085274784,2.0426340389093167e-09,109.46507800283304,1959416,46.6527619047619,3,2017,Spring
2017-04-25,28.0,-2.0,13.0,1212,2910.5381412461893,24.965083436934552,1.4890784289489905,0.24524003266234895,1.1699775307930492e-09,62.69927908290815,1122312,26.721714285714285,4,2017,Spring
2017-07-19,38.0,14.0,27.0,288,691.6130236624608,5.932297054321082,0.35384041876015615,0.058274859246498764,2.7801446276270474e-10,14.898838593958372,266688,6.349714285714286,7,2017,Summer
2017-09-01,36.0,6.0,22.0,130,312.186434292083,2.677772975908822,0.15971963346812604,0.02630462396543347,1.2549263944149866e-10,6.725170198661766,120380,2.8661904761904764,9,2017,Fall
2017-10-11,29.0,0.0,14.0,206,494.6954266474546,4.2432402541324405,0.25309418841872283,0.04168271182214842,1.988575671149902e-10,10.656808160956336,190756,4.5418095238095235,10,2017,Fall
2017-11-24,21.0,-6.0,8.0,763,1832.2942258835335,15.7164675432187,0.937431387201386,0.15438790835096722,7.365452607220268e-10,39.47157585829944,706538,16.822333333333333,11,2017,Fall
2018-01-08,15.0,-13.0,2.0,2464,5917.133646889943,50.75409702030259,3.027301360503558,0.4985737957756005,2.3785681814142515e-09,127.46784130386608,2281664,54.32533333333333,1,2018,Winter
2018-02-17,14.0,-8.0,3.0,1974,4740.430933019784,40.66095272649242,2.425281203585237,0.3994255977520436,1.905557463519372e-09,102.11912286275634,1827924,43.522,2,2018,Winter
2018-04-03,22.0,-4.0,10.0,1185,2845.6994202778337,24.408930588091952,1.455905889690226,0.2397767646079897,1.1439136749090455e-09,61.30251296472455,1097310,26.126428571428573,4,2018,Spring
2018-05-29,30.0,5.0,15.0,341,818.8890314892332,7.024004498345448,0.418956884712546,0.06899905209394472,3.2917684653500806e-10,17.640638751874324,315766,7.518238095238095,5,2018,Spring
2018-07-09,39.0,15.0,28.0,215,516.3083336369065,4.428624537079974,0.2641517015049777,0.0435038011736015,2.075455190763247e-10,11.122396867017535,199090,4.740238095238095,7,2018,Summer
2018-08-17,36.0,11.0,25.0,99,237.74197688397092,2.039227112422872,0.12163264394880369,0.020031982865983948,9.556747157467976e-11,5.12147576667319,91674,2.182714285714286,8,2018,Summer
2018-09-24,34.0,6.0,20.0,234,561.9355817257494,4.819991356635879,0.2874953402426269,0.04734832313778024,2.258867509946976e-10,12.105306357591177,216684,5.159142857142857,9,2018,Fall
2018-11-22,14.0,-3.0,6.0,905,2173.2978694948856,18.641419563057568,1.111894371451185,0.18312065145167145,8.736218361119715e-10,46.817530998376135,838030,19.953095238095237,11,2018,Fall
2018-12-26,13.0,-5.0,3.0,2354,5652.975894796642,48.48828911761051,2.892153978338221,0.47631603703561837,2.27238210188683e-09,121.7773126742292,2179804,51.90009523809524,12,2018,Winter
2019-02-18,12.0,-8.0,2.0,2819,6769.642755918323,58.066477069899754,3.4634588211280564,0.5704056535273612,2.7212596198891133e-09,145.83272915405783,2610394,62.1522380952381,2,2019,Winter
2019-04-06,21.0,-2.0,9.0,2214,5316.775119405168,45.604533605093316,2.7201482192187005,0.44798798045745925,2.1372361824882928e-09,114.53482169105499,2050164,48.813428571428574,4,2019,Spring
2019-05-05,28.0,4.0,16.0,285,684.4087213326435,5.87050229333857,0.3501545810647379,0.057667829462681064,2.751184787755932e-10,14.743642358604639,263910,6.283571428571428,5,2019,Spring
2019-06-20,37.0,9.0,23.0,201,482.6882560977591,4.140248985828255,0.24695112559302565,0.040670995515785596,1.9403092713647102e-10,10.398147768700113,186126,4.431571428571429,6,2019,Summer
2019-08-04,37.0,13.0,25.0,159,381.8280234803169,3.2751223320730976,0.19534939785716957,0.032172578542337855,1.534871513169099e-10,8.225400473747852,147234,3.505571428571429,8,2019,Summer
2019-09-20,33.0,5.0,19.0,157,377.02515526043874,3.2339258247514233,0.1928921727268907,0.03176789201979273,1.5155649532550223e-10,8.121936316845362,145382,3.4614761904761906,9,2019,Fall
2019-11-01,18.0,-7.0,4.0,224,537.9212406263584,4.614008820027508,0.2752092145912326,0.04532489052505459,2.1623347103765924e-10,11.587985573078734,107424,2.557714285714286,11,2019,Fall
2019-12-13,14.0,-8.0,2.0,1996,4793.262483438444,41.11411430703083,2.4523106800183045,0.40387714950004,1.9267946794248562e-09,103.25722858868372,1848296,44.00704761904762,12,2019,Winter
2020-01-29,7.0,-13.0,-2.0,2908,6983.370391702903,59.89972164571426,3.5728053394254657,0.5884142037806195,2.8071738115067547e-09,150.43688413621857,2692808,64.1144761904762,1,2020,Winter
2020-03-13,20.0,-6.0,6.0,1875,4502.688956135813,38.62172561406955,2.3036485596364336,0.37939361488605966,1.8099899919446923e-09,96.99764709608316,1736250,41.339285714285715,3,2020,Spring
2020-05-15,32.0,3.0,17.0,281,674.8029848928871,5.788109278695222,0.34524013080418015,0.056858456417590804,2.712571667927779e-10,14.536714044799663,260206,6.195380952380952,5,2020,Spring
2020-06-27,36.0,8.0,22.0,155,372.2222870405605,3.192729317429749,0.19043494759661184,0.031363205497247595,1.4962583933409457e-10,8.018472159942874,143530,3.4173809523809524,6,2020,Summer
2020-08-05,37.0,6.0,22.0,129,309.7850001821439,2.6571747222479845,0.1584910209029866,0.026102280704160905,1.2452731144579484e-10,6.673438120210521,119454,2.8441428571428573,8,2020,Summer
2020-09-22,33.0,5.0,20.0,173,415.44810101946433,3.5634978833248168,0.21254997376912158,0.03500538420015377,1.670017432567636e-10,8.949649572065272,160198,3.814238095238095,9,2020,Fall
2020-11-02,22.0,-3.0,6.0,141,338.60220950141314,2.90435376617803,0.1732343716846598,0.028530399839431685,1.3611124739424086e-10,7.294223061625453,130566,3.1087142857142855,11,2020,Fall
2020-12-16,10.0,-15.0,-1.0,614,1474.4805435026074,12.647327747753973,0.7543681149956107,0.124238762421355,5.927113893621552e-10,31.76349616906403,568564,13.537238095238095,12,2020,Winter
2021-01-30,14.0,-12.0,0.0,1007,2418.244148708674,20.74244143646295,1.2372128530954072,0.2037596641014731,9.720852916737628e-10,52.094203000403056,932482,22.20195238095238,1,2021,Winter
2021-03-06,23.0,-7.0,7.0,549,1318.387326356566,11.308441259799563,0.6745082982615477,0.11108645043863827,5.299650696414059e-10,28.400911069733148,508374,12.104142857142858,3,2021,Spring
2021-06-09,37.0,8.0,25.0,491,1179.104147980098,10.113742547471011,0.6032487694834607,0.09935054128482948,4.739760458905834e-10,25.400450519560977,454666,10.825380952380952,6,2021,Summer
2021-07-30,37.0,13.0,25.0,206,494.6954266474546,4.2432402541324405,0.25309418841872283,0.04168271182214842,1.988575671149902e-10,10.656808160956336,190756,4.5418095238095235,7,2021,Summer
2021-09-12,35.0,5.0,20.0,155,372.2222870405605,3.192729317429749,0.19043494759661184,0.031363205497247595,1.4962583933409457e-10,8.018472159942874,143530,3.4173809523809524,9,2021,Fall
2021-11-01,21.0,-8.0,5.0,54,129.6774419367114,1.1123056976852028,0.06634507851752929,0.010926536108718517,5.212771176800714e-11,2.7935322363671946,50004,1.1905714285714286,11,2021,Fall
2022-03-03,21.0,-6.0,5.0,888,2132.473489625921,18.291249250823338,1.0910079578438148,0.17968081601003785,8.572112601850063e-10,45.93808566470498,822288,19.578285714285713,3,2022,Spring
2022-07-19,38.0,11.0,25.0,142,341.00364361135223,2.9249520198388668,0.17446298424979922,0.028732743100704252,1.370765753899447e-10,7.345955140076698,131492,3.1307619047619046,7,2022,Summer
2022-08-22,38.0,11.0,25.0,182,437.06100800891625,3.7488821662723506,0.22360748685537646,0.036826473551606856,1.7568969521809814e-10,9.415238278126472,168532,4.012666666666667,8,2022,Summer
2015-02-22,22.0,-5.0,10.0,440,1056.631008373204,9.06323161076832,0.5405895286613497,0.08903103495992866,4.247443181096878e-10,22.762114518547513,407440,9.700952380952382,2,2015,Winter
2015-04-21,32.0,6.0,20.0,238,571.5413181655058,4.902384371279227,0.2924097905031846,0.0481576961828705,2.2974806297751295e-10,12.312234671396155,220388,5.247333333333334,4,2015,Spring
2015-06-04,38.0,13.0,28.0,34,81.64875973792941,0.7003406244684611,0.04177282721474066,0.006879670883267215,3.282115185393042e-11,1.758890667342308,31484,0.7496190476190476,6,2015,Summer
2015-10-12,32.0,2.0,20.0,135,324.1936048417785,2.780764244213007,0.1658626962938232,0.027316340271796295,1.3031927942001784e-10,6.983830590917987,125010,2.9764285714285714,10,2015,Fall
2015-11-23,27.0,-5.0,11.0,275,660.3943802332525,5.6645197567302,0.3378684554133436,0.05564439684995542,2.6546519881855487e-10,14.226321574092196,254650,6.063095238095238,11,2015,Fall
2016-02-21,28.0,-8.0,9.0,758,1820.287055333838,15.613476274914515,0.9312883243756888,0.15337619204460437,7.317186207435076e-10,39.21291546604321,701908,16.712095238095237,2,2016,Winter
2016-04-16,31.0,3.0,17.0,234,561.9355817257494,4.819991356635879,0.2874953402426269,0.04734832313778024,2.258867509946976e-10,12.105306357591177,216684,5.159142857142857,4,2016,Spring
2016-05-23,36.0,6.0,24.0,56,134.4803101565896,1.153502205006877,0.06880230364780815,0.011331222631263647,5.405836775941481e-11,2.8969963932696836,51856,1.2346666666666666,5,2016,Spring
2016-07-04,40.0,15.0,30.0,92,220.9319381143972,1.8950393367970122,0.11303235599282767,0.018615580037075995,8.88101756047529e-11,4.75935121751448,85192,2.028380952380952,7,2016,Summer
2016-12-01,25.0,-8.0,10.0,333,799.6775586097203,6.859218469058751,0.4091279841914306,0.0673803060037642,3.2145422256937735e-10,17.226782124264368,308358,7.341857142857143,12,2016,Winter
2017-01-11,23.0,-10.0,7.0,818,1964.3731019301838,16.84937149456474,1.0050050782840547,0.1655167877209583,7.896383004857378e-10,42.316840173117875,757468,18.03495238095238,1,2017,Winter
2017-10-08,33.0,4.0,19.0,1057,2538.315854205629,21.772354119504804,1.2986434813523786,0.21387682716510137,1.0203516914589545e-09,54.680806922965274,978782,23.304333333333332,10,2017,Fall
2017-11-11,31.0,-6.0,12.0,69,165.6989535857979,1.4212795025977591,0.08477426699462075,0.013961685027806994,6.660763170356467e-11,3.56951341313586,63894,1.5212857142857144,11,2017,Fall
2017-12-22,25.0,-12.0,7.0,529,1270.358644157784,10.89647618658282,0.6499360469587591,0.10703958521318696,5.106585097273292e-10,27.36626950070826,489854,11.663190476190476,12,2017,Winter
2018-01-25,22.0,-9.0,6.0,491,1179.104147980098,10.113742547471011,0.6032487694834607,0.09935054128482948,4.739760458905834e-10,25.400450519560977,454666,10.825380952380952,1,2018,Winter
2018-04-20,31.0,2.0,18.0,1180,2833.692249728138,24.30593931978777,1.4497628268645288,0.23876504830162687,1.1390870349305263e-09,61.04385257246833,1092680,26.016190476190477,4,2018,Spring
2018-08-22,38.0,12.0,28.0,99,237.74197688397092,2.039227112422872,0.12163264394880369,0.020031982865983948,9.556747157467976e-11,5.12147576667319,91674,2.182714285714286,8,2018,Summer
2018-10-01,30.0,5.0,18.0,98,235.3405427740318,2.018628858762035,0.12040403138366425,0.019829639604711385,9.460214357897591e-11,5.069743688221946,90748,2.1606666666666667,10,2018,Fall
2018-11-09,24.0,-3.0,12.0,25,60.0358527484775,0.5149563415209273,0.030715314128485778,0.005058581531814129,2.4133199892595897e-11,1.2933019612811087,23150,0.5511904761904762,11,2018,Fall
2018-12-19,23.0,-10.0,8.0,733,1760.2512025853605,15.098519933393588,0.900573010247203,0.14831761051279024,7.075854208509117e-10,37.919613504762104,678758,16.160904761904764,12,2018,Winter
2019-01-28,22.0,-9.0,9.0,1214,2915.3410094660676,25.006279944256228,1.4915356540792695,0.24564471918489408,1.1719081867844567e-09,62.80274323981064,1124164,26.765809523809523,1,2019,Winter
2019-03-05,23.0,-4.0,11.0,927,2226.129419913546,19.09458114359598,1.1389238478842527,0.1875722031996679,8.948590520174558e-10,47.95563672430351,858402,20.438142857142857,3,2019,Spring
2019-04-23,28.0,5.0,17.0,259,621.971434474227,5.334947698156807,0.3182106543711127,0.05240690466959437,2.500199508872935e-10,13.398608318872286,239834,5.710333333333334,4,2019,Spring
2019-07-01,40.0,16.0,31.0,72,172.9032559156152,1.4830742635802705,0.08846010469003904,0.014568714811624691,6.950361569067618e-11,3.724709648489593,66672,1.5874285714285714,7,2019,Summer
2019-08-06,40.0,10.0,27.0,98,235.3405427740318,2.018628858762035,0.12040403138366425,0.019829639604711385,9.460214357897591e-11,5.069743688221946,90748,2.1606666666666667,8,2019,Summer
2019-09-13,38.0,11.0,26.0,99,237.74197688397092,2.039227112422872,0.12163264394880369,0.020031982865983948,9.556747157467976e-11,5.12147576667319,91674,2.182714285714286,9,2019,Fall
2019-10-19,32.0,6.0,19.0,70,168.100387695737,1.4418777562585963,0.08600287955976019,0.01416402828907956,6.757295969926852e-11,3.6212454915871044,64820,1.5433333333333332,10,2019,Fall
2020-02-05,25.0,-7.0,10.0,1898,4557.921940664412,39.095485448268796,2.3319066486346403,0.38404750989532865,1.8321925358458806e-09,98.18748490046177,1757548,41.846380952380954,2,2020,Winter
2020-05-24,34.0,8.0,22.0,504,1210.3227914093065,10.381519845061893,0.6192207328302733,0.10198100368137283,4.865253098347333e-10,26.07296753942715,466704,11.112,5,2020,Spring
2020-07-01,38.0,14.0,29.0,51,122.47313960689411,1.0505109367026917,0.062659240822111,0.010319506324900822,4.9231727780895634e-11,2.6383360010134616,47226,1.1244285714285713,7,2020,Summer
2020-10-20,30.0,-1.0,15.0,75,180.1075582454325,1.5448690245627819,0.09214594238545734,0.015175744595442386,7.23995996777877e-11,3.879905883843326,69450,1.6535714285714285,10,2020,Fall
2020-11-23,26.0,-2.0,11.0,90,216.129069894519,1.8538428294753382,0.1105751308625488,0.018210893514530865,8.687951961334522e-11,4.655887060611992,83340,1.9842857142857142,11,2020,Fall
2020-12-31,21.0,-10.0,6.0,78,187.3118605752498,1.606663785545293,0.09583178008087563,0.01578277437926008,7.52955836648992e-11,4.0351021191970595,72228,1.7197142857142858,12,2020,Winter
2021-02-12,25.0,-6.0,10.0,34,81.64875973792941,0.7003406244684611,0.04177282721474066,0.006879670883267215,3.282115185393042e-11,1.758890667342308,31484,0.7496190476190476,2,2021,Winter
2021-08-16,36.0,13.0,27.0,1259,3023.405544413327,25.933201358993898,1.5468232195105438,0.2547501659421595,1.2153479465911295e-09,65.13068677011664,1165834,27.757952380952382,8,2021,Summer
2021-09-15,39.0,10.0,25.0,75,180.1075582454325,1.5448690245627819,0.09214594238545734,0.015175744595442386,7.23995996777877e-11,3.879905883843326,69450,1.6535714285714285,9,2021,Fall
2021-10-27,32.0,3.0,18.0,92,220.9319381143972,1.8950393367970122,0.11303235599282767,0.018615580037075995,8.88101756047529e-11,4.75935121751448,85192,2.028380952380952,10,2021,Fall
2021-12-20,23.0,-6.0,8.0,660,1584.946512559806,13.59484741615248,0.8108842929920246,0.133546552439893,6.371164771645317e-10,34.14317177782127,611160,14.551428571428572,12,2021,Winter
2022-01-12,21.0,-9.0,6.0,381,914.9463958867972,7.847934644778931,0.4681013873181233,0.07709278254484732,3.6778996636316147e-10,19.709921889924097,352806,8.400142857142857,1,2022,Winter
2022-03-11,30.0,1.0,16.0,464,1114.2654270117425,9.55758969862841,0.570076230224696,0.09388727323047023,4.4791219000657985e-10,24.003684401377377,429664,10.230095238095238,3,2022,Spring
2022-04-09,31.0,4.0,20.0,44,105.6631008373204,0.906323161076832,0.05405895286613497,0.008903103495992866,4.247443181096878e-11,2.2762114518547514,40744,0.9700952380952381,4,2022,Spring
2013-07-08,36.0,20.0,26.0,32501,78049.0100071307,669.4638422308662,39.93113697959665,6.5763583346196395,3.137412518837037e-08,1681.3442817438925,30095926,716.5696666666666,7,2013,Summer
2013-08-17,33.0,19.0,25.0,13096,31449.181103762454,269.7547299423225,16.08991015306599,2.649887349625513,1.2641935431737435e-08,677.483299397496,12126896,288.735619047619,8,2013,Summer
2013-09-28,33.0,17.0,25.0,11791,28315.30959029193,242.87400891493013,14.486570755559033,2.3858293936648156,1.1382182397343929e-08,609.9729370186221,10918466,259.9634761904762,9,2013,Fall
2013-10-21,37.0,8.0,18.0,4577,10991.363921191261,94.27820700565137,5.623359710643176,0.9261251068445306,4.418306236336457e-09,236.77772307134538,4238302,100.91195238095239,10,2013,Fall
2013-12-09,25.0,-1.0,8.0,15217,36542.622850943284,313.443625956958,18.695797403726722,3.079057406784624,1.4689396110625271e-08,787.2070377925852,14090942,335.49861904761906,12,2013,Winter
2014-01-11,18.0,-2.0,8.0,26968,64761.87507683765,555.4937047254547,33.13322365668018,5.456793069998537,2.6032965388141047e-08,1395.1106916731576,24972368,594.5801904761905,1,2014,Winter
2014-04-01,33.0,3.0,15.0,10008,24033.552572270513,206.1473226376576,12.295954551915427,2.025051358815832,9.66100258100399e-09,517.7346411400534,9267408,220.65257142857143,4,2014,Spring
2014-05-04,33.0,13.0,22.0,4167,10006.77593611623,85.83292300470815,5.11962855893601,0.843164369722779,4.022521758097884e-09,215.5675709063352,3858642,91.87242857142857,5,2014,Spring
2014-06-06,33.0,17.0,25.0,4389,10539.894308522711,90.40573531741398,5.392380548396964,0.8880845737252884,4.236824573144136e-09,227.05209232251144,4064214,96.767,6,2014,Summer
2014-08-23,37.0,21.0,28.0,25014,60069.47282601665,515.244717072179,30.73251470439773,5.061414337471945,2.414671448453575e-08,1294.0262103794262,23162964,551.4991428571428,8,2014,Summer
2014-09-18,35.0,17.0,25.0,17941,43084.12936641739,369.55326892907823,22.042538031166533,3.6302404504910912,1.731894957092252e-08,928.1252194937748,16613366,395.5563333333333,9,2014,Fall
2014-10-24,29.0,9.0,17.0,4698,11281.937448493893,96.77059569861265,5.7720218310250475,0.9506086414585111,4.535110923816621e-09,243.03730456394595,4350348,103.57971428571429,10,2014,Fall
2014-11-30,22.0,3.0,12.0,18832,45223.807158373136,387.9063129408841,23.13723182670577,3.810528296284947,1.817905681509464e-08,974.2185013938335,17438432,415.2007619047619,11,2014,Fall
2014-12-31,19.0,-1.0,9.0,18376,44128.7532042409,378.5135092715424,22.576984497002186,3.718259769144657,1.7738867249053688e-08,950.6286736200661,17016176,405.1470476190476,12,2014,Winter
2015-03-02,21.0,-1.0,10.0,16383,39342.69502313228,337.461189725494,20.1283596546793,3.3149896494284348,1.5814968553615943e-08,847.5266412667362,15170658,361.2061428571429,3,2015,Spring
2015-04-18,31.0,6.0,15.0,13021,31269.07354551702,268.2098609177597,15.997764210680533,2.6347116050300707,1.2569535832059646e-08,673.6033935136527,12057446,287.0820476190476,4,2015,Spring
2015-05-19,40.0,12.0,21.0,15184,36463.3755253153,312.76388358615037,18.655253189077122,3.0723800791626292,1.4657540286767044e-08,785.4998792036941,14060384,334.77104761904764,5,2015,Spring
2015-06-24,34.0,19.0,26.0,16661,40010.293705695345,343.1875042432068,20.46991394778806,3.371241076062208,1.608332973642161e-08,861.9081590761821,15428086,367.33538095238094,6,2015,Summer
2015-08-05,37.0,20.0,27.0,15089,36235.23928487108,310.80704948837086,18.538534995388876,3.0531574693417354,1.4565834127175179e-08,780.585331750826,13972414,332.6765238095238,8,2015,Summer
2015-09-16,33.0,15.0,24.0,18186,43672.48072335248,374.5998410759833,22.343548109625694,3.67981454950287,1.755545492986996e-08,940.7995787143298,16840236,400.958,9,2015,Fall
2015-10-25,33.0,7.0,19.0,8444,20277.709624325762,173.9316539121084,10.374404500037357,1.70858649818554,8.15122959572319e-09,436.8256704423073,7819144,186.17009523809523,10,2015,Fall
2015-12-21,21.0,0.0,9.0,30997,74437.25310578229,638.4840687249673,38.083303681626944,6.272034069665702,2.99222718828318e-08,1603.539235753221,28703222,683.4100476190476,12,2015,Winter
2016-01-04,28.0,0.0,9.0,7155,17182.26105661426,147.3805049432894,8.79072290357263,1.4477660344052037,6.9069218092609455e-09,370.1430213186533,6625530,157.75071428571428,1,2016,Winter
2016-01-31,28.0,0.0,9.0,20665,49625.6358818915,425.66291190119847,25.389278658606344,4.181423494197559,1.9948503031219768e-08,1069.0434011949644,19135790,455.6140476190476,1,2016,Winter
2016-03-07,27.0,3.0,13.0,17066,40982.874520220685,351.5297969758458,20.967502036669533,3.453190096877597,1.6474287574681664e-08,882.8596508489361,15803116,376.26466666666664,3,2016,Spring
2016-04-20,38.0,5.0,16.0,15628,37529.61227012826,321.90950821156207,19.20075716799903,3.162220487167648,1.5086145916859548e-08,808.4689220360467,14471528,344.5601904761905,4,2016,Spring
2016-05-30,31.0,15.0,21.0,10872,26108.391643257895,223.94421380062084,13.357475808195895,2.1998759365553284,1.0495045969292103e-08,562.4311569219285,10067471,239.70169047619046,5,2016,Spring
2016-09-05,32.0,13.0,24.0,21479,51580.40324738193,442.4298903811199,26.38936928662984,4.346130908873427,2.073428001972269e-08,1111.1533130542773,19889554,473.5608095238095,9,2016,Fall
2016-10-20,27.0,9.0,18.0,9016,21651.329935210928,185.7138550061072,11.077170887297111,1.8243268436334474,8.703397209265784e-09,466.416419316419,8348816,198.78133333333332,10,2016,Fall
2016-12-08,23.0,-2.0,8.0,21049,50547.78658010812,433.5726413069599,25.861065883619887,4.259123306526224,2.031918898157004e-08,1088.9085193202422,19491374,464.08033333333333,12,2016,Winter
2017-02-20,21.0,-3.0,6.0,8695,20880.469585920477,179.1018155809785,10.682786253887354,1.759374656764954,8.393526922644854e-09,449.8104221335696,8051570,191.70404761904763,2,2017,Winter
2017-04-23,34.0,4.0,15.0,11755,28228.85796233412,242.13247178314,14.442340703214013,2.3785450362590033,1.134743058949859e-08,608.1105821943773,10885130,259.1697619047619,4,2017,Spring
2017-05-31,32.0,13.0,21.0,3201,7686.9905859150595,65.93500996833953,3.9327888210113193,0.647700779333481,3.0900149142479785e-09,165.59438312243316,2964126,70.57442857142857,5,2017,Spring
2017-07-18,36.0,20.0,27.0,2629,6313.370275029894,54.152808874340714,3.2300224337515644,0.5319604338855738,2.5378473007053847e-09,136.0036342483214,2434454,57.963190476190476,7,2017,Summer
2017-09-03,38.0,13.0,26.0,2404,5773.047600293597,49.51820180065236,2.9535846065951925,0.4864332000992466,2.3206485016720213e-09,124.36391659679141,2226104,53.00247619047619,9,2017,Fall
2017-10-16,35.0,8.0,18.0,2554,6133.262716784462,52.60793984977793,3.1378764913661072,0.5167846892901313,2.465447701027597e-09,132.12372836447807,2365004,56.309619047619044,10,2017,Fall
2017-12-02,20.0,0.0,9.0,8760,21036.562803066518,180.44070206893292,10.762646070621416,1.7725269687476706,8.456273242365603e-09,453.1730072329005,8111760,193.13714285714286,12,2017,Winter
2018-01-10,20.0,-3.0,8.0,10662,25604.090480170686,219.61858053184505,13.099467169516615,2.1573838516880897,1.0292327090194299e-08,551.5674204471673,9873012,235.07171428571428,1,2018,Winter
2018-02-20,22.0,-1.0,9.0,12170,29225.45311795885,250.6807470523874,14.952214917746877,2.4625174896871176,1.1748041707715683e-08,629.5793947516437,11269420,268.3195238095238,2,2018,Winter
2018-04-21,26.0,3.0,14.0,8244,19797.42280233794,169.81200317994097,10.12868198700947,1.668117845931027,7.958163996582422e-09,426.4792547520584,7633944,181.76057142857144,4,2018,Spring
2018-06-08,36.0,16.0,25.0,3743,8988.567873502052,77.09926345251323,4.598696831316891,0.7573708269432113,3.613222687919458e-09,193.6331696430076,3466018,82.52423809523809,6,2018,Summer
2018-07-24,37.0,22.0,29.0,3216,7723.012097564146,66.24398377325208,3.9512180094884104,0.6507359282525695,3.1044948341835364e-09,166.3703642992018,2978016,70.90514285714286,7,2018,Summer
2018-09-10,33.0,16.0,25.0,3885,9329.571517113403,80.0242154723521,4.77315981556669,0.7861035700439156,3.750299263309402e-09,200.9791247830843,3597510,85.655,9,2018,Fall
2018-10-27,34.0,9.0,19.0,34131,81963.34760633143,703.0389956980307,41.93377546077392,6.906177850493921,3.294760982136762e-08,1765.6675696194209,31605306,752.5072857142857,10,2018,Fall
2018-12-18,23.0,1.0,11.0,8929,21442.405167646226,183.92180693761438,10.97028159412998,1.8067229799027342,8.619413673639551e-09,461.9157284911608,8268254,196.86319047619048,12,2018,Winter
2019-01-28,23.0,-2.0,9.0,12871,30908.858429026157,265.1201228686342,15.813472325909618,2.604360115839186,1.2424736632704072e-08,665.843581745966,11918546,283.77490476190474,1,2019,Winter
2019-03-08,27.0,4.0,11.0,11256,27030.54234147451,231.8539432063823,13.829263033209436,2.277575748883993,1.0865731919642376e-08,582.2962750472063,10423056,248.168,3,2019,Spring
2019-05-05,35.0,12.0,22.0,10552,25339.932728077383,217.35277262915298,12.964319787351277,2.1351260929481075,1.0186141010666876e-08,545.8768918175303,9771152,232.6464761904762,5,2019,Spring
2019-06-26,34.0,17.0,27.0,3526,8467.456671645266,72.62944240811159,4.332087904681634,0.7134623392470647,3.4037465128517253e-09,182.40730861908756,3265076,77.73990476190477,6,2019,Summer
2019-08-11,35.0,18.0,26.0,3064,7357.994112853403,63.113049216804846,3.764468899587217,0.6199797525391396,2.9577649788365533e-09,158.5070883746127,2837264,67.55390476190476,8,2019,Summer
2019-10-08,35.0,9.0,19.0,3356,8059.21287295562,69.12773928576928,4.1232237686079305,0.6790639848307286,3.2396407535820734e-09,173.61285528237605,3107656,73.99180952380952,10,2019,Fall
2019-11-22,23.0,1.0,12.0,10783,25894.664007473315,222.11096922480635,13.248129289898486,2.18186738630207,1.0409131777674463e-08,557.8270019397678,9985058,237.73947619047618,11,2019,Fall
2020-01-07,21.0,-1.0,8.0,14075,33800.18509739284,289.9204202762821,17.292721854337493,2.8479814024113543,1.358699153953149e-08,728.1290042012643,13033450,310.3202380952381,1,2020,Winter
2020-02-11,31.0,0.0,9.0,14910,35805.38257919198,307.119962083081,18.31861334622892,3.016938025573946,1.4393040415944192e-08,771.3252897080532,13806660,328.73,2,2020,Winter
2020-04-06,32.0,3.0,14.0,11788,28308.105287962113,242.81221415394762,14.482884917863615,2.385222363880998,1.1379286413356817e-08,609.8177407832684,10915688,259.89733333333334,4,2020,Spring
2020-06-29,35.0,17.0,26.0,225,540.3226747362975,4.634607073688345,0.276437827156372,0.045527233786327156,2.1719879903336308e-10,11.639717651529978,208350,4.960714285714285,6,2020,Summer
2020-08-14,33.0,17.0,25.0,1940,4658.782173281854,39.96061210202396,2.3835083763704965,0.3925459268687764,1.8727363116654415e-09,100.36023219541404,1796440,42.77238095238095,8,2020,Summer
2020-09-28,33.0,16.0,24.0,1655,3974.373451949211,34.09010980868538,2.0333537953057585,0.3348780974060953,1.5976178328898485e-09,85.6165898368094,1532530,36.48880952380952,9,2020,Fall
2021-04-23,30.0,8.0,17.0,10071,24184.842921196676,207.44501261829035,12.373357143519211,2.0377989842760034,9.721818244733331e-09,520.9937620824818,9325746,222.04157142857142,4,2021,Spring
2021-05-24,34.0,14.0,21.0,2422,5816.2734142725,49.88897036654743,2.9756996327677023,0.4900753788021528,2.3380244055946906e-09,125.29509400891381,2242772,53.39933333333333,5,2021,Spring
2021-07-13,38.0,21.0,27.0,2430,5835.4848871520135,50.05375639583413,2.9855285332888175,0.4916941248923333,2.345747029560321e-09,125.70895063652377,2250180,53.575714285714284,7,2021,Summer
2013-06-29,19.0,-9.0,4.0,439,1054.229574263265,9.042633357107484,0.5393609160962103,0.08882869169865609,4.2377899011398394e-10,22.710382440096268,406514,9.678904761904763,6,2013,Summer
2013-08-06,39.0,12.0,26.0,297,713.2259306519128,6.117681337268616,0.36489793184641106,0.06009594859795185,2.8670241472403927e-10,15.364427300019571,275022,6.5481428571428575,8,2013,Summer
2013-09-08,39.0,13.0,25.0,208,499.49829486733285,4.284436761454115,0.2555514135490017,0.04208739834469355,2.0078822310639786e-10,10.760272317858824,192608,4.585904761904762,9,2013,Fall
2013-10-15,36.0,2.0,15.0,322,773.2617834003902,6.632637678789543,0.39561324597489683,0.06515453012976598,3.108356146166352e-10,16.65772926130068,298172,7.099333333333333,10,2013,Fall
2013-11-16,22.0,-3.0,10.0,935,2245.3408927930586,19.25936717288268,1.1487527484053681,0.18919094928984842,9.025816759830866e-10,48.36949335191346,865810,20.61452380952381,11,2013,Fall
2014-02-10,20.0,-16.0,2.0,4418,10609.535897710944,91.00308467357827,5.428010312786006,0.8939525283021929,4.264819085019547e-09,228.55232259759754,4091068,97.40638095238096,2,2014,Winter
2014-03-03,27.0,-3.0,9.0,921,2211.720815253911,18.97099162163096,1.131552172493416,0.18635814363203249,8.890670840432328e-10,47.64524425359605,852846,20.305857142857143,3,2014,Spring
2014-04-22,33.0,1.0,16.0,966,2319.785350201171,19.897913036368628,1.1868397379246904,0.19546359038929792,9.325068438499055e-10,49.97318778390204,894516,21.298,4,2014,Spring
2014-05-31,37.0,12.0,23.0,343,823.6918997091113,7.065201005667122,0.4214141098428249,0.06940373861648984,3.311075025264157e-10,17.74410290877681,317618,7.562333333333333,5,2014,Spring
2014-07-07,41.0,17.0,28.0,294,706.0216283220955,6.055886576286104,0.36121209415099276,0.05948891881413415,2.8380643073692776e-10,15.209231064665838,272244,6.482,7,2014,Summer
2014-08-06,39.0,16.0,28.0,260,624.372868584166,5.355545951817644,0.3194392669362521,0.05260924793086694,2.509852788829973e-10,13.450340397323531,240760,5.732380952380953,8,2014,Summer
2014-09-14,35.0,12.0,24.0,298,715.6273647618518,6.138279590929453,0.36612654441155046,0.06029829185922441,2.876677427197431e-10,15.416159378470816,275948,6.570190476190477,9,2014,Fall
2014-10-12,28.0,-1.0,14.0,247,593.1542251549578,5.087768654226761,0.3034673035894395,0.04997878553432359,2.3843601493884745e-10,12.777823377457354,228722,5.445761904761905,10,2014,Fall
2014-12-15,17.0,-4.0,5.0,1344,3227.5274437581506,27.68405292016505,1.6512552875473954,0.27194934315032754,1.2974008262259554e-09,69.52791343847241,1244544,29.632,12,2014,Winter
2015-02-21,22.0,-2.0,7.0,3560,8549.105431383196,73.32978303258004,4.373860731896375,0.720342010130332,3.4365676647056557e-09,184.16619928642987,3296560,78.4895238095238,2,2015,Winter
2015-03-31,26.0,-2.0,8.0,1689,4056.02221168714,34.79045043315384,2.075126622520499,0.34175776828936255,1.6304389847437789e-09,87.37548050415171,1564014,37.23842857142857,3,2015,Spring
2015-05-12,37.0,12.0,23.0,433,1039.8209696036304,8.91904383514246,0.5319892407053737,0.0876146321310207,4.179870221397609e-10,22.399989969388802,400958,9.546619047619048,5,2015,Spring
2015-06-15,40.0,15.0,29.0,299,718.028798871791,6.15887784459029,0.3673551569766899,0.06050063512049698,2.886330707154469e-10,15.467891456922061,276874,6.592238095238096,6,2015,Summer
2015-07-22,40.0,19.0,30.0,337,809.2832950494767,6.9416114837021,0.4140424344519883,0.06818967904885445,3.253155345521927e-10,17.433710438069344,312062,7.4300476190476195,7,2015,Summer
2015-09-04,33.0,9.0,21.0,444,1066.2367448129605,9.145624625411669,0.5455039789219074,0.08984040800501893,4.2860563009250315e-10,22.96904283235249,411144,9.789142857142856,9,2015,Fall
2015-10-11,36.0,4.0,17.0,347,833.2976361488677,7.14759402031047,0.4263285601033826,0.0702131116615801,3.3496881450923103e-10,17.95103122258179,321322,7.6505238095238095,10,2015,Fall
2015-11-09,22.0,1.0,9.0,888,2132.473489625921,18.291249250823338,1.0910079578438148,0.17968081601003785,8.572112601850063e-10,45.93808566470498,822288,19.578285714285713,11,2015,Fall
2015-12-18,24.0,-6.0,5.0,1984,4764.445274119174,40.866935263100785,2.4375673292366313,0.40144903036476925,1.9152107434764106e-09,102.63644364726879,1837184,43.74247619047619,12,2015,Winter
2016-01-22,22.0,-5.0,7.0,1848,4437.850235167457,38.065572765226946,2.270476020377669,0.3739303468317004,1.7839261360606886e-09,95.60088097789955,1711248,40.744,1,2016,Winter
2016-04-07,32.0,2.0,15.0,2744,6589.535197672891,56.521608045336976,3.371312878742599,0.5552299089319187,2.6488600202113256e-09,141.95282327021448,2540944,60.498666666666665,4,2016,Spring
2016-05-20,36.0,13.0,23.0,538,1291.971551147236,11.081860469530355,0.660993560045014,0.10886067456464005,5.193464616886637e-10,27.83185820676946,498188,11.861619047619048,5,2016,Spring
2016-07-04,40.0,18.0,29.0,309,742.043139971182,6.364860381198661,0.3796412826280842,0.06252406773322262,2.982863506724853e-10,15.985212241434503,286134,6.812714285714286,7,2016,Summer
2016-08-18,36.0,15.0,27.0,265,636.3800391338615,5.458537220121829,0.32558232976194923,0.053620964237229764,2.558119188615165e-10,13.709000789579752,245390,5.842619047619047,8,2016,Summer
2016-09-30,37.0,13.0,24.0,320,768.458915180512,6.591441171467869,0.393156020844618,0.06474984360722084,3.089049586252275e-10,16.55426510439819,296320,7.055238095238095,9,2016,Fall
2016-11-23,30.0,-11.0,8.0,1082,2598.3517069541062,22.287310461025733,1.3293587954808646,0.2189354086969155,1.0444848913515504e-09,55.974108884246384,1001932,23.85552380952381,11,2016,Fall
2016-12-31,25.0,-8.0,6.0,2282,5480.072638881026,47.00521485403024,2.803693873648182,0.4617473222239937,2.2028784861961535e-09,118.0526030257396,2113132,50.312666666666665,12,2016,Winter
2017-02-14,19.0,-13.0,2.0,2211,5309.5708170753505,45.54273884411081,2.7164623815232822,0.44738095067364153,2.134340198501181e-09,114.37962545570126,2047386,48.74728571428572,2,2017,Winter
2017-03-31,25.0,-1.0,9.0,1522,3654.9827153273104,31.350542071794052,1.8699483241422141,0.30796644365684417,1.4692292094612381e-09,78.7362234027939,1409372,33.55647619047619,3,2017,Spring
2017-05-17,38.0,10.0,24.0,595,1428.8532954137645,12.25596092819807,0.7310244762579615,0.12039424045717625,5.743701574437823e-10,30.780586678490387,550970,13.118333333333334,5,2017,Spring
2017-07-05,40.0,18.0,29.0,372,893.3334888973452,7.662550361831397,0.4570438742318684,0.07527169319339423,3.5910201440182694e-10,19.2443331838629,344472,8.201714285714285,7,2017,Summer
2017-08-17,38.0,14.0,27.0,412,989.3908532949092,8.486480508264881,0.5061883768374457,0.08336542364429685,3.977151342299804e-10,21.313616321912672,381512,9.083619047619047,8,2017,Summer
2017-10-05,31.0,4.0,17.0,589,1414.44469075413,12.132371406233046,0.7236528008671249,0.11918018088954087,5.685781894695594e-10,30.47019420778292,545414,12.98604761904762,10,2017,Fall
2017-11-18,31.0,-1.0,12.0,752,1805.8784506742033,15.489886752949491,0.9239166489848523,0.152162132476969,7.259266527692846e-10,38.90252299533575,696352,16.579809523809523,11,2017,Fall
2018-01-03,20.0,-12.0,4.0,4527,10871.292215694306,93.24829432260951,5.561929082386205,0.9160079437809024,4.370039836551265e-09,234.19111914878317,4192002,99.80957142857143,1,2018,Winter
2018-02-09,21.0,-7.0,7.0,5630,13520.074038957133,115.96816811051282,6.9170887417349975,1.1391925609645417,5.434796615812596e-09,291.2516016805057,5213380,124.12809523809524,2,2018,Winter
2018-04-07,31.0,1.0,14.0,2891,6942.546011833939,59.549551333480025,3.5519189258180957,0.5849743683389859,2.7907632355797895e-09,149.5574388025474,2677066,63.739666666666665,4,2018,Spring
2018-05-20,36.0,9.0,21.0,1297,3114.660040591013,26.715934998105705,1.5935104969858422,0.262439209870517,1.2520304104278751e-09,67.09650575126392,1201022,28.595761904761904,5,2018,Spring
2018-06-30,40.0,16.0,27.0,512,1229.5342642888193,10.54630587434859,0.6290496333513887,0.10359974977155335,4.94247933800364e-10,26.486824167037106,474112,11.288380952380953,6,2018,Summer
2018-08-20,38.0,14.0,27.0,470,1128.674031671377,9.681179220593432,0.5774479056155326,0.09510133279810562,4.5370415798080287e-10,24.314076872084843,435220,10.362380952380953,8,2018,Summer
2018-10-07,31.0,3.0,15.0,523,1255.9500394981494,10.772886664617799,0.6425643715679225,0.10582552564555157,5.048665417531061e-10,27.055877030000794,484298,11.530904761904761,10,2018,Fall
2018-11-29,22.0,-1.0,9.0,3409,8186.488880782393,70.21944672979365,4.188340234560321,0.6897881776781746,3.2908031373543767e-09,176.354655440292,3156734,75.16033333333333,11,2018,Fall
2019-01-15,22.0,-4.0,6.0,5225,12547.493224431799,107.6258753778738,6.419500652853528,1.057243540149153,5.043838777552543e-09,270.30010990775173,4838350,115.19880952380953,1,2019,Winter
2019-02-22,16.0,-5.0,5.0,4249,10203.693533131236,87.5219798048968,5.220374789277443,0.8597565171471293,4.101678653745599e-09,219.80960133933723,3934574,93.68033333333334,2,2019,Winter
2019-04-14,26.0,3.0,14.0,3776,9067.815199130042,77.77900582332086,4.639241045966492,0.764048154565206,3.6450785117776845e-09,195.34032823189867,3496576,83.25180952380953,4,2019,Spring
2019-06-05,38.0,14.0,27.0,908,2180.502171824703,18.70321432404008,1.1155802091466034,0.18372768123548916,8.76517820099083e-10,46.97272723372987,840808,20.019238095238094,6,2019,Summer
2019-07-22,41.0,19.0,31.0,508,1219.928527849063,10.463912859705243,0.624135183090831,0.10279037672646309,4.903866218175486e-10,26.27989585323213,470408,11.200190476190476,7,2019,Summer
2019-09-19,38.0,12.0,23.0,586,1407.2403884243126,12.070576645250535,0.7199669631717066,0.11857315110572317,5.656822054824479e-10,30.31499797242919,542636,12.919904761904762,9,2019,Fall
2019-11-16,22.0,-4.0,7.0,1697,4075.2336845666528,34.955236462440546,2.084955523041615,0.34337651437954303,1.6381616087094094e-09,87.78933713176166,1571422,37.414809523809524,11,2019,Fall
2019-12-26,21.0,-1.0,7.0,3889,9339.17725355316,80.10660848699544,4.7780742658272475,0.7869129430890058,3.754160575292218e-09,201.18605309688928,3601214,85.74319047619048,12,2019,Winter
2020-02-01,22.0,-2.0,7.0,4729,11356.381905902004,97.4091415620986,5.81010882054437,0.9568812825579606,4.56503609168344e-09,244.64099899593452,4379054,104.26319047619047,2,2020,Winter
2020-04-02,33.0,-1.0,14.0,5324,12785.235201315769,109.66510249029668,6.5411332968023315,1.0772755230151367,5.139406249127222e-09,275.42158567442493,4930024,117.38152380952381,4,2020,Spring
2020-06-08,41.0,16.0,28.0,1143,2744.8391876603914,23.543803934336793,1.40430416195437,0.23127834763454197,1.1033698990894845e-09,59.12976566977229,1058418,25.20042857142857,6,2020,Summer
2020-07-24,39.0,18.0,29.0,347,833.2976361488677,7.14759402031047,0.4263285601033826,0.0702131116615801,3.3496881450923103e-10,17.95103122258179,321322,7.6505238095238095,7,2020,Summer
2020-09-17,32.0,5.0,21.0,452,1085.4482176924732,9.310410654698364,0.5553328794430229,0.09145915409519945,4.363282540581338e-10,23.382899459962445,418552,9.965523809523809,9,2020,Fall
2020-11-01,29.0,-4.0,8.0,980,2353.405427740318,20.18628858762035,1.2040403138366425,0.19829639604711385,9.460214357897593e-10,50.69743688221946,907480,21.606666666666666,11,2020,Fall
2021-05-17,39.0,13.0,24.0,4176,10028.388843105682,86.01830728765569,5.1306860720222645,0.8449854590742321,4.031209710059219e-09,216.0331596123964,3866976,92.07085714285714,5,2021,Spring
2021-06-22,41.0,16.0,29.0,400,960.57364397564,8.239301464334837,0.49144502605577245,0.08093730450902606,3.8613119828153436e-10,20.69283138049774,370400,8.81904761904762,6,2021,Summer
2021-08-21,38.0,15.0,28.0,439,1054.229574263265,9.042633357107484,0.5393609160962103,0.08882869169865609,4.2377899011398394e-10,22.710382440096268,406514,9.678904761904763,8,2021,Summer
2021-10-01,29.0,2.0,13.0,339,814.086163269355,6.9828079910237735,0.41649965958226715,0.06859436557139958,3.2724619054360037e-10,17.537174594971834,313914,7.474142857142857,10,2021,Fall
2021-11-19,25.0,-4.0,8.0,2121,5093.441747180831,43.68889601463547,2.6058872506607336,0.42917005715911066,2.047460678887836e-09,109.72373839508926,1964046,46.763,11,2021,Fall
2013-02-27,16.0,-7.0,6.0,4701,11289.14175082371,96.83239045959516,5.775707668720466,0.9512156712423288,4.538006907803732e-09,243.1925007992997,4353126,103.64585714285714,2,2013,Winter
2013-04-13,27.0,-5.0,10.0,2024,4860.502638516738,41.69086540953427,2.4867118318422086,0.40954276081567187,1.953823863304564e-09,104.70572678531856,18744224,446.2910476190476,4,2013,Spring
2013-05-15,26.0,0.0,14.0,400,960.57364397564,8.239301464334837,0.49144502605577245,0.08093730450902606,3.8613119828153436e-10,20.69283138049774,370400,8.81904761904762,5,2013,Spring
2013-06-24,29.0,5.0,18.0,302,725.2331012016082,6.220672605572801,0.3710409946721082,0.06110766490431467,2.915290547025584e-10,15.623087692275794,279652,6.658380952380952,6,2013,Summer
2013-08-30,28.0,5.0,18.0,474,1138.2797681111335,9.763572235236781,0.5823623558760903,0.09591070584319587,4.575654699636182e-10,24.52100518588982,438924,10.450571428571429,8,2013,Summer
2013-10-07,29.0,-4.0,10.0,307,737.2402717513037,6.323663873876987,0.37718405749780537,0.0621193812106775,2.963556946810776e-10,15.881748084532015,284282,6.7686190476190475,10,2013,Fall
2013-11-18,20.0,-4.0,8.0,2429,5833.083453042074,50.03315814217329,2.9842999207236782,0.4914917816310607,2.3447817015646175e-09,125.65721855807253,2249254,53.553666666666665,11,2013,Fall
2013-12-18,16.0,-25.0,-7.0,6855,16461.830823632532,141.20102884503825,8.4221391340308,1.387063056023434,6.617323410549795e-09,354.62339778328,6347730,151.13642857142858,12,2013,Winter
2014-01-28,13.0,-23.0,-3.0,7611,18277.31501074649,156.7733086126311,9.350970233276211,1.5400345615454933,7.347111375301895e-09,393.73284909242074,7047786,167.80442857142856,1,2014,Winter
2014-02-25,17.0,-21.0,-1.0,6545,15717.38624955141,134.81557021017875,8.041269238837577,1.3243366450289389,6.318071731881606e-09,338.58645346339426,6060670,144.30166666666668,2,2014,Winter
2014-04-11,26.0,-18.0,11.0,2337,5612.1515149276765,48.13811880537628,2.8712675647308505,0.47287620159398475,2.2559715259598646e-09,120.89786734055804,2164062,51.525285714285715,4,2014,Spring
2014-05-16,30.0,3.0,17.0,458,1099.8568223521079,9.434000176663387,0.5627045548338595,0.09267321366283483,4.4212022203235683e-10,23.69329193066991,424108,10.097809523809524,5,2014,Spring
2014-06-18,37.0,4.0,18.0,299,718.028798871791,6.15887784459029,0.3673551569766899,0.06050063512049698,2.886330707154469e-10,15.467891456922061,276874,6.592238095238096,6,2014,Summer
2014-08-26,35.0,6.0,22.0,345,828.4947679289895,7.106397512988796,0.42387133497310375,0.06980842513903497,3.330381585178234e-10,17.8475670656793,319470,7.606428571428571,8,2014,Summer
2014-09-24,30.0,5.0,17.0,378,907.7420935569799,7.78613988379642,0.464415549622705,0.07648575276102962,3.6489398237604996e-10,19.554725654570365,350028,8.334,9,2014,Fall
2014-11-04,18.0,-15.0,4.0,950,2281.362404442145,19.568340977795234,1.1671819368824596,0.19222609820893688,9.17061595918644e-10,49.14547452868213,879700,20.945238095238096,11,2014,Fall
2014-12-18,15.0,-7.0,4.0,5931,14242.905706048803,122.16824246242479,7.286901123841966,1.2000978826075839,5.725360342519451e-09,306.82295729433025,5492106,130.76442857142857,12,2014,Winter
2015-01-23,13.0,-13.0,3.0,5430,13039.787216969313,111.8485173783454,6.671366228707111,1.0987239087100287,5.241731016671829e-09,280.9051859902568,5028180,119.71857142857142,1,2015,Winter
2015-04-07,27.0,-4.0,12.0,6841,16428.210746093384,140.91265329378655,8.404938558118848,1.384230250365618,6.603808818609941e-09,353.8991486849626,6334766,150.8277619047619,4,2015,Spring
2015-06-13,33.0,3.0,22.0,327,785.2689539500857,6.735628947093729,0.401756308800594,0.0661662464361288,3.156622545951543e-10,16.9163896535569,302802,7.2095714285714285,6,2015,Summer
2015-07-24,35.0,8.0,22.0,221,530.7169382965411,4.552214059044997,0.2715233768958143,0.044717860741236896,2.1333748705054773e-10,11.432789337725001,204646,4.87252380952381,7,2015,Summer
2015-08-21,40.0,9.0,22.0,251,602.7599615947141,5.17016166887011,0.3083817538499972,0.05078815857941385,2.422973269216628e-10,12.984751691262332,232426,5.533952380952381,8,2015,Summer
2015-09-29,29.0,2.0,17.0,218,523.5126359667238,4.490419298062486,0.267837539200396,0.0441108309574192,2.1044150306343622e-10,11.277593102371268,201868,4.806380952380953,9,2015,Fall
2015-11-06,18.0,-7.0,5.0,1892,4543.513336004778,38.97189592630377,2.3245349732438036,0.3828334503276932,1.8264005678716575e-09,97.87709242975431,1751992,41.71409523809524,11,2015,Fall
2015-12-16,14.0,-11.0,0.0,6189,14862.47570641309,127.48259190692075,7.6038831656479395,1.2523024440159056,5.97441496541104e-09,320.16983353475126,5731014,136.45271428571428,12,2015,Winter
2016-01-22,14.0,-22.0,1.0,6720,16137.637218790753,138.42026460082525,8.256276437736977,1.3597467157516379,6.487004131129777e-09,347.639567192362,6222720,148.16,1,2016,Winter
2016-03-01,20.0,-13.0,6.0,5153,12374.589968516182,106.14280111429353,6.331040548163489,1.0426748253375282,4.9743351618618665e-09,266.57540025926215,4771678,113.61138095238096,3,2016,Spring
2016-04-10,28.0,-6.0,10.0,1787,4291.362754461172,36.80907929191588,2.1955306539041635,0.3615874078940739,1.7250411283227548e-09,92.44522419237364,1654762,39.399095238095235,4,2016,Spring
2016-05-11,31.0,3.0,16.0,337,809.2832950494767,6.9416114837021,0.4140424344519883,0.06818967904885445,3.253155345521927e-10,17.433710438069344,312062,7.4300476190476195,5,2016,Spring
2016-06-24,33.0,3.0,18.0,275,660.3943802332525,5.6645197567302,0.3378684554133436,0.05564439684995542,2.6546519881855487e-10,14.226321574092196,254650,6.063095238095238,6,2016,Summer
2016-08-11,32.0,2.0,21.0,360,864.516279578076,7.415371317901353,0.4423005234501952,0.07284357405812346,3.475180784533809e-10,18.623548242447967,333360,7.937142857142857,8,2016,Summer
2016-09-26,31.0,1.0,15.0,277,665.1972484531308,5.705716264051874,0.34032568054362244,0.056049083372500544,2.6739585480996256e-10,14.329785730994685,256502,6.1071904761904765,9,2016,Fall
2016-11-05,23.0,-16.0,6.0,467,1121.4697293415597,9.619384459610922,0.5737620679201143,0.09449430301428792,4.5080817399369136e-10,24.158880636731112,432442,10.296238095238095,11,2016,Fall
2016-12-24,14.0,-24.0,-1.0,6847,16442.61935075302,141.03624281575156,8.412310233509684,1.3854443099332536,6.609600786584165e-09,354.20954115567,6340322,150.96004761904763,12,2016,Winter
2017-02-07,11.0,-26.0,-5.0,6531,15683.766172012263,134.52719465892704,8.024068662925625,1.321503839371123,6.304557139941752e-09,337.8622043650768,6047706,143.993,2,2017,Winter
2017-07-04,34.0,7.0,20.0,5632,13524.876907177011,116.00936461783449,6.919545966865276,1.1395972474870868,5.436727271804004e-09,291.3550658374082,5215232,124.17219047619048,7,2017,Summer
2017-10-16,26.0,-3.0,11.0,82,196.9175970150062,1.6890568001886415,0.10074623034143336,0.01659214742435034,7.915689564771454e-11,4.242030433002037,75932,1.807904761904762,10,2017,Fall
2017-11-10,20.0,-12.0,7.0,289,694.0144577724,5.952895307981919,0.3550690313252956,0.058477202507771324,2.7897979075840856e-10,14.950570672409617,267614,6.371761904761905,11,2017,Fall
2017-12-23,18.0,-19.0,2.0,7474,17948.318537684834,153.95134786109642,9.18265031185211,1.5123135347511518,7.214861439890469e-09,386.64555434460027,6920924,164.78390476190475,12,2017,Winter
2018-01-29,16.0,-26.0,0.0,6463,15520.468652536403,133.1265134099901,7.940523008496143,1.3077444976045884,6.238914836233891e-09,334.34442303039225,5984738,142.4937619047619,1,2018,Winter
2018-03-12,27.0,-7.0,11.0,5788,13899.50062832751,119.22269218892508,7.111209527027028,1.171162796245607,5.587318439133802e-09,299.4252700758023,5359688,127.61161904761904,3,2018,Spring
2018-05-17,28.0,-2.0,15.0,3587,8613.944152351552,73.88593588142264,4.407033271155139,0.7258052781846912,3.4626315205896592e-09,185.56296540461346,3321562,79.08480952380953,5,2018,Spring
2018-06-30,34.0,7.0,20.0,449,1078.243915362656,9.248615893715854,0.5516470417476046,0.09085212431138175,4.334322700710223e-10,23.227703224608714,415774,9.899380952380952,6,2018,Summer
2018-08-06,30.0,7.0,19.0,433,1039.8209696036304,8.91904383514246,0.5319892407053737,0.0876146321310207,4.179870221397609e-10,22.399989969388802,400958,9.546619047619048,8,2018,Summer
2018-10-02,29.0,-6.0,13.0,410,984.587985075031,8.445284000943207,0.5037311517071668,0.08296073712175171,3.957844782385727e-10,21.210152165010182,379660,9.039523809523809,10,2018,Fall
2018-11-18,16.0,-5.0,5.0,4578,10993.7653553012,94.2988052593122,5.624588323208315,0.9263274501058032,4.419271564332161e-09,236.82945514979662,4239228,100.934,11,2018,Fall
2018-12-29,15.0,-15.0,3.0,7944,19076.99256935621,163.63252708168986,9.760098217467641,1.6074148675492574,7.668565597871272e-09,410.9596312166851,7356144,175.1462857142857,12,2018,Winter
2019-02-13,15.0,-12.0,1.0,9880,23726.16900619831,203.51074616907044,12.138692143577579,1.9991514213729435,9.537440597553899e-09,511.11293509829414,9148880,217.8304761904762,2,2019,Winter
2019-04-12,23.0,-6.0,8.0,8322,19984.73466291319,171.41866696548627,10.224513767090347,1.683900620310287,8.033459580247322e-09,430.5143568712555,7706172,183.4802857142857,4,2019,Spring
2019-05-26,32.0,0.0,15.0,2254,5412.832483802732,46.4284637515268,2.7692927218242778,0.45608171090836186,2.175849302316446e-09,116.60410482910476,2087204,49.69533333333333,5,2019,Spring
2019-06-16,30.0,3.0,19.0,442,1061.4338765930822,9.104428118089993,0.5430467537916286,0.08943572148247379,4.2667497410109546e-10,22.865578675450003,409292,9.74504761904762,6,2019,Summer
2019-09-06,35.0,-1.0,15.0,477,1145.4840704409507,9.825366996219293,0.5860481935715086,0.09651773562701357,4.604614539507297e-10,24.676201421243555,441702,10.516714285714286,9,2019,Fall
2019-10-31,29.0,0.0,13.0,1397,3354.8034515849226,28.775760364189416,1.7163717534997853,0.2826735359977735,1.3485632099982588e-09,72.26971359638836,1293622,30.80052380952381,10,2019,Fall
2019-12-31,15.0,-9.0,6.0,14010,33644.09188024679,288.58153378832765,17.21286203760343,2.8348290904286375,1.352424521981074e-08,724.7664191019334,12973260,308.88714285714286,12,2019,Winter
2020-02-10,18.0,-15.0,3.0,10522,25267.889704779212,216.73482501932787,12.927461410397095,2.1290557951099305,1.0157181170795761e-08,544.324929463993,9743372,231.9850476190476,2,2020,Winter
2020-04-29,24.0,-3.0,10.0,8031,19285.917336920913,165.42457515018268,9.866987510634772,1.6250187312799707,7.752549133497506e-09,415.46032204194336,7436706,177.06442857142858,4,2020,Spring
2020-08-07,27.0,1.0,17.0,479,1150.286938660829,9.866563503540966,0.5885054187017875,0.0969224221495587,4.623921099421374e-10,24.779665578146044,443554,10.560809523809525,8,2020,Summer
2020-09-22,30.0,3.0,18.0,608,1460.071938842973,12.52373822578895,0.7469964396047741,0.12302470285371961,5.869194213879322e-10,31.453103698356564,563008,13.40495238095238,9,2020,Fall
2020-10-28,27.0,0.0,14.0,95,228.1362404442145,1.9568340977795236,0.11671819368824596,0.019222609820893688,9.170615959186441e-11,4.914547452868213,87970,2.0945238095238095,10,2020,Fall
2020-12-19,10.0,-26.0,-2.0,16685,40067.928124333885,343.68186233106684,20.499400649351408,3.3760973143327493,1.61064976083185e-08,863.1497289590119,15450310,367.8645238095238,12,2020,Winter
2021-02-06,20.0,-8.0,7.0,13250,31819.001956693075,272.9268610060914,16.27911648809746,2.681048211861488,1.2790595943075826e-08,685.4500394789876,12269500,292.1309523809524,2,2021,Winter
2021-04-03,30.0,-3.0,16.0,9488,22784.806835102183,195.4362307340223,11.657076018042924,1.9198328629540982,9.159032023237995e-09,490.83396034540635,8785888,209.18780952380953,4,2021,Spring
2021-05-09,33.0,1.0,18.0,706,1695.4124816170047,14.542367084550985,0.8674004709884384,0.14285434245843098,6.815215649669081e-10,36.52284738657851,653756,15.565619047619048,5,2021,Spring
2021-06-28,34.0,7.0,21.0,629,1510.5020551516939,12.95630155266653,0.7727973034727021,0.12727391134044347,6.071913092977128e-10,32.539477345832694,582454,13.867952380952381,6,2021,Summer
2021-09-25,37.0,4.0,16.0,1006,2415.842714598735,20.721843182802115,1.2359842405302677,0.20355732084020053,9.711199636780589e-10,52.04247092195182,931556,22.179904761904762,9,2021,Fall
2021-11-17,21.0,-10.0,8.0,3571,8575.521206592526,73.55636382284925,4.387375470112909,0.7225677860043301,3.447186272658398e-09,184.73525214939357,3306746,78.73204761904762,11,2021,Fall
2021-12-29,20.0,-17.0,5.0,14678,35248.24986568611,302.34116723376684,18.033575231116572,2.9699943889587113,1.4169084320940902e-08,759.3234475073646,13591828,323.6149523809524,12,2021,Winter
2022-02-21,18.0,-17.0,1.0,16590,39839.79188388967,341.72502823328733,20.38268245566316,3.356874704511856,1.6014791448726637e-08,858.2351815061437,15362340,365.77,2,2022,Winter
2022-04-02,29.0,-5.0,11.0,7188,17261.508382242253,148.060247314097,8.83126711822223,1.4544433620271981,6.938777633119172e-09,371.8501799075444,6656088,158.4782857142857,4,2022,Spring
2013-02-19,13.0,-7.0,4.0,3418,8208.101787771844,70.40483101274117,4.199397747646576,0.6916092670296277,3.299491089315711e-09,176.8202441463532,3165068,75.3587619047619,2,2013,Winter
2013-04-18,26.0,3.0,14.0,2196,5273.549305426264,45.23376503919825,2.6980331930461907,0.44434580175455307,2.1198602785656235e-09,113.60364427893259,2033496,48.41657142857143,4,2013,Spring
2013-05-14,28.0,8.0,17.0,454,1090.2510859123515,9.35160716202004,0.5577901045733017,0.09186384061774458,4.382589100495415e-10,23.486363616864935,420404,10.009619047619047,5,2013,Spring
2013-06-25,36.0,12.0,24.0,440,1056.631008373204,9.06323161076832,0.5405895286613497,0.08903103495992866,4.247443181096878e-10,22.762114518547513,407440,9.700952380952382,6,2013,Summer
2013-07-28,38.0,17.0,28.0,218,523.5126359667238,4.490419298062486,0.267837539200396,0.0441108309574192,2.1044150306343622e-10,11.277593102371268,201868,4.806380952380953,7,2013,Summer
2013-09-12,35.0,9.0,23.0,423,1015.8066285042394,8.71306129853409,0.5197031150539794,0.08559119951829505,4.0833374218272257e-10,21.88266918487636,391698,9.326142857142857,9,2013,Fall
2013-10-23,28.0,2.0,14.0,465,1116.6668611216814,9.578187952289246,0.5713048427898355,0.09408961649174279,4.4887751800228367e-10,24.055416479828622,430590,10.252142857142857,10,2013,Fall
2013-11-26,20.0,1.0,9.0,2768,6647.169616311429,57.01596613319707,3.400799580305945,0.5600861472024603,2.6720278921082177e-09,143.19439315304436,2563168,61.02780952380952,11,2013,Fall
2014-01-02,11.0,-14.0,-2.0,4270,10254.123649439958,87.95454313177437,5.246175653145371,0.8640057256338531,4.121950541655379e-09,220.89597498681337,3954020,94.14333333333333,1,2014,Winter
2014-02-07,17.0,-13.0,2.0,4678,11233.90876629511,96.3586306253959,5.747449579722259,0.9465617762330597,4.515804363902544e-09,242.00266299492105,4331828,103.1387619047619,2,2014,Winter
2014-03-12,20.0,-3.0,9.0,2026,4865.305506736617,41.73206191685595,2.4891690569724876,0.409947447338217,1.9557545192959716e-09,104.80919094222105,1876076,44.66847619047619,3,2014,Spring
2014-04-21,25.0,-6.0,14.0,1841,4421.040196397883,37.92138498960108,2.261875732421693,0.3725139440027924,1.777168840090762e-09,95.23875642874084,1704766,40.589666666666666,4,2014,Spring
2014-06-06,36.0,11.0,25.0,292,701.2187601022173,6.0146900689644305,0.3587548690207139,0.059084232291589024,2.8187577474552007e-10,15.10576690776335,270392,6.437904761904762,6,2014,Summer
2014-07-01,39.0,17.0,28.0,140,336.200775391474,2.8837555125171925,0.17200575911952037,0.02832805657815912,1.3514591939853704e-10,7.242490983174209,129640,3.0866666666666664,7,2014,Summer
2014-08-15,38.0,19.0,29.0,175,420.2509692393425,3.604694390646491,0.21500719889940045,0.0354100707226989,1.6893239924817127e-10,9.05311372896776,162050,3.8583333333333334,8,2014,Summer
2014-09-11,35.0,11.0,24.0,248,595.5556592648968,5.108366907887598,0.3046959161545789,0.05018112879559616,2.3940134293455133e-10,12.829555455908599,229648,5.467809523809524,9,2014,Fall
2014-10-12,25.0,2.0,13.0,449,1078.243915362656,9.248615893715854,0.5516470417476046,0.09085212431138175,4.334322700710223e-10,23.227703224608714,415774,9.899380952380952,10,2014,Fall
2014-12-23,11.0,-5.0,3.0,4000,9605.7364397564,82.39301464334837,4.914450260557724,0.8093730450902605,3.8613119828153434e-09,206.9283138049774,3704000,88.19047619047619,12,2014,Winter
2015-01-24,12.0,-10.0,2.0,3613,8676.381439209968,74.4214904766044,4.438977197848764,0.7310662029777779,3.487730048477959e-09,186.90799944434582,3345638,79.65804761904762,1,2015,Winter
2015-03-02,16.0,-6.0,7.0,3520,8453.048066985632,72.50585288614656,4.3247162292907975,0.7122482796794293,3.3979545448775025e-09,182.0969161483801,3259520,77.60761904761905,3,2015,Spring
2015-04-15,28.0,1.0,13.0,1857,4459.463142156909,38.25095704817448,2.2815335334639237,0.3757514361831535,1.7926140880220233e-09,96.06646968396076,1719582,40.94242857142857,4,2015,Spring
2015-05-23,30.0,5.0,18.0,480,1152.688372770768,9.887161757201802,0.5897340312669269,0.09712476541083127,4.6335743793784123e-10,24.831397656597286,444480,10.582857142857144,5,2015,Spring
2015-07-02,39.0,16.0,28.0,313,751.6488764109383,6.447253395842009,0.384555732888642,0.06333344077831289,3.0214766265530064e-10,16.19214055523948,289838,6.900904761904762,7,2015,Summer
2015-08-02,40.0,13.0,27.0,235,564.3370158356885,4.840589610296716,0.2887239528077663,0.04755066639905281,2.2685207899040144e-10,12.157038436042422,217610,5.181190476190476,8,2015,Summer
2015-09-05,33.0,9.0,23.0,207,497.0968607573937,4.263838507793277,0.25432280098386223,0.04188505508342098,1.9982289511069402e-10,10.70854023940758,191682,4.563857142857143,9,2015,Fall
2015-10-12,27.0,2.0,15.0,398,955.7707757557619,8.198104957013163,0.4889878009254936,0.08053261798648093,3.8420054229012666e-10,20.58936722359525,368548,8.774952380952382,10,2015,Fall
2015-11-24,16.0,-2.0,6.0,2510,6027.5996159471415,51.701616688701094,3.083817538499972,0.5078815857941386,2.422973269216628e-09,129.84751691262332,2324260,55.33952380952381,11,2015,Fall
2015-12-27,14.0,-10.0,-1.0,3456,8299.35628394953,71.18756465185298,4.246085025121874,0.6992983109579851,3.336173553152457e-09,178.78606312750046,3200256,76.19657142857143,12,2015,Winter
2016-01-26,11.0,-15.0,0.0,3560,8549.105431383196,73.32978303258004,4.373860731896375,0.720342010130332,3.4365676647056557e-09,184.16619928642987,3296560,78.4895238095238,1,2016,Winter
2016-03-06,19.0,-3.0,7.0,2533,6082.832600475741,52.17537652290035,3.112075627498179,0.5125354808034075,2.4451758131178164e-09,131.03735471700193,2345558,55.84661904761905,3,2016,Spring
2016-04-14,27.0,0.0,12.0,2271,5453.656863671697,46.77863406376103,2.7901791354316483,0.4595215463499954,2.192259878243411e-09,117.48355016277591,2102946,50.070142857142855,4,2016,Spring
2016-05-25,30.0,1.0,18.0,747,1793.8712801245078,15.386895484645306,0.917773586159155,0.15115041617060615,7.211000127907654e-10,38.643862603079526,691722,16.469571428571427,5,2016,Spring
2016-07-15,38.0,16.0,26.0,309,742.043139971182,6.364860381198661,0.3796412826280842,0.06252406773322262,2.982863506724853e-10,15.985212241434503,286134,6.812714285714286,7,2016,Summer
2016-08-27,39.0,17.0,28.0,373,895.7349230072844,7.683148615492235,0.4582724867970078,0.0754740364546668,3.600673423975308e-10,19.29606526231414,345398,8.223761904761904,8,2016,Summer
2016-10-07,28.0,2.0,13.0,498,1195.914186749672,10.25793032309687,0.6118490574394367,0.10076694411373745,4.807333418605103e-10,25.762575068719684,461148,10.979714285714286,10,2016,Fall
2016-11-23,20.0,-12.0,5.0,2497,5996.380972517933,51.43383939111021,3.0678455751531595,0.5052511233975951,2.4104240052724782e-09,129.17499989275714,2312222,55.05290476190476,11,2016,Fall
2017-01-11,6.0,-14.0,-5.0,5053,12134.446557522273,104.08297574820982,6.208179291649546,1.0224404992102716,4.877802362291483e-09,261.4021924141377,4679078,111.40661904761905,1,2017,Winter
2017-02-16,11.0,-15.0,-3.0,5974,14346.167372776184,123.05396736984078,7.339731464142962,1.208798642842304,5.766869446334716e-09,309.04743666773373,5531924,131.7124761904762,2,2017,Winter
2017-04-14,26.0,-3.0,12.0,3408,8184.087446672454,70.19884847613281,4.187111621995181,0.689585834416902,3.2898378093586727e-09,176.30292336184073,3155808,75.13828571428571,4,2017,Spring
2017-05-21,31.0,7.0,19.0,523,1255.9500394981494,10.772886664617799,0.6425643715679225,0.10582552564555157,5.048665417531061e-10,27.055877030000794,484298,11.530904761904761,5,2017,Spring
2017-07-15,39.0,17.0,29.0,161,386.6308917001951,3.3163188393947713,0.19780662298744842,0.03257726506488299,1.554178073083176e-10,8.32886463065034,149086,3.5496666666666665,7,2017,Summer
2017-08-30,39.0,17.0,29.0,305,732.4374035314255,6.282467366555313,0.3747268323675265,0.06171469468813237,2.9442503868966993e-10,15.778283927629527,282430,6.724523809523809,8,2017,Summer
2017-10-13,27.0,1.0,14.0,215,516.3083336369065,4.428624537079974,0.2641517015049777,0.0435038011736015,2.075455190763247e-10,11.122396867017535,199090,4.740238095238095,10,2017,Fall
2017-11-28,19.0,-7.0,7.0,1431,3436.4522113228522,29.476100988657876,1.758144580714526,0.28955320688104075,1.3813843618521891e-09,74.02860426373066,1325106,31.550142857142855,11,2017,Fall
2018-01-09,11.0,-12.0,1.0,4261,10232.510742450506,87.76915884882685,5.235118140059116,0.8621846362824,4.1132625896940446e-09,220.43038628075217,3945686,93.94490476190477,1,2018,Winter
2018-02-20,13.0,-6.0,4.0,4362,10475.055587554354,89.84958246857138,5.359208009138198,0.8826213056709291,4.210760717260132e-09,225.65532620432785,4039212,96.17171428571429,2,2018,Winter
2018-04-15,22.0,0.0,12.0,1521,3652.5812812173713,31.329943818133213,1.8687197115770748,0.30776410039557156,1.4682638814655345e-09,78.68449132434266,1408446,33.53442857142857,4,2018,Spring
2018-05-22,28.0,7.0,17.0,441,1059.032442483143,9.083829864429157,0.5418181412264892,0.08923337822120123,4.2570964610539164e-10,22.813846596998758,408366,9.723,5,2018,Spring
2018-07-11,41.0,18.0,30.0,194,465.8782173281854,3.9960612102023956,0.23835083763704965,0.039254592686877636,1.8727363116654416e-10,10.036023219541404,179644,4.277238095238095,7,2018,Summer
2018-08-27,37.0,17.0,26.0,360,864.516279578076,7.415371317901353,0.4423005234501952,0.07284357405812346,3.475180784533809e-10,18.623548242447967,333360,7.937142857142857,8,2018,Summer
2018-10-17,29.0,3.0,16.0,1003,2408.6384122689174,20.660048421819603,1.2322984028348494,0.20295029105638285,9.682239796909475e-10,51.88727468659808,928778,22.113761904761905,10,2018,Fall
2018-11-27,16.0,-2.0,8.0,2842,6824.8757404469225,58.54023690409901,3.4917169101262635,0.5750595485366301,2.7434621637903017e-09,147.02256695843644,2631692,62.659333333333336,11,2018,Fall
2019-01-14,10.0,-10.0,0.0,5245,12595.52190663058,108.03784045109055,6.444072904156316,1.0612904053746042,5.063145337466619e-09,271.3347514767766,4856870,115.63976190476191,1,2019,Winter
2019-02-24,12.0,-4.0,3.0,6553,15736.597722430923,134.98035623946546,8.051098139358693,1.3259553911191193,6.325794355847237e-09,339.0003100910042,6068078,144.47804761904763,2,2019,Winter
2019-04-28,21.0,0.0,10.0,2966,7122.653570079371,61.09442035804281,3.644064868203553,0.6001501129344282,2.863162835257577e-09,153.43734468639073,2746516,65.39323809523809,4,2019,Spring
2019-06-15,36.0,13.0,26.0,587,1409.6418225342518,12.091174898911373,0.7211955757368461,0.11877549436699573,5.666475334781516e-10,30.36673005088043,543562,12.941952380952381,6,2019,Summer
2019-08-01,38.0,16.0,27.0,308,739.6417058612428,6.3442621275378235,0.37841267006294477,0.062321724471950064,2.9732102267678144e-10,15.93348016298326,285208,6.790666666666667,8,2019,Summer
2019-09-24,32.0,9.0,21.0,656,1575.3407761200497,13.512454401509132,0.8059698427314669,0.13273717939480273,6.332551651817163e-10,33.93624346401629,607456,14.463238095238095,9,2019,Fall
2019-12-01,15.0,-5.0,4.0,3744,8990.969307611991,77.11986170617406,4.5999254438820305,0.7575731702044839,3.6141880159151615e-09,193.68490172145883,3466944,82.54628571428572,12,2019,Winter
2020-02-01,12.0,-15.0,0.0,6910,16593.90969967918,142.3339327963843,8.48971282511347,1.3981919353934251,6.670416450313506e-09,357.46866209809843,6398660,152.3490476190476,2,2020,Winter
2020-02-29,12.0,-15.0,0.0,3368,8088.0300822748895,69.37491832969933,4.137967119389604,0.6814921039659994,3.2512246895305195e-09,174.23364022379096,3118768,74.25638095238095,2,2020,Winter
2020-04-13,23.0,0.0,11.0,2156,5177.4919410287,44.40983489276476,2.6488886904406135,0.43625207130365046,2.0812471587374703e-09,111.53436114088281,1996456,47.534666666666666,4,2020,Spring
2020-05-22,33.0,6.0,19.0,168,403.44093046976883,3.4605066150206314,0.20640691094342442,0.03399366789379094,1.6217510327824443e-10,8.690989179809051,155568,3.704,5,2020,Spring
2020-08-15,35.0,13.0,24.0,145,348.2079459411695,2.986746780821378,0.17814882194521753,0.029339772884521945,1.3997255937705621e-10,7.501151375430431,134270,3.196904761904762,8,2020,Summer
2020-10-04,26.0,4.0,15.0,292,701.2187601022173,6.0146900689644305,0.3587548690207139,0.059084232291589024,2.8187577474552007e-10,15.10576690776335,270392,6.437904761904762,10,2020,Fall
2016-01-11,22.0,-5.0,7.0,1880,4514.696126685508,38.72471688237373,2.3097916224621304,0.3804053311924225,1.8148166319232115e-09,97.25630748833937,1740880,41.44952380952381,1,2016,Winter
2016-02-28,27.0,-5.0,8.0,1719,4128.0652349853135,35.40839804297896,2.111984999474682,0.34782806612753947,1.659398824614894e-09,88.92744285768903,1591794,37.899857142857144,2,2016,Winter
2016-04-09,32.0,2.0,15.0,703,1688.2081792871875,14.480572323568474,0.8637146332930201,0.1422473126746133,6.786255809797966e-10,36.36765115122478,650978,15.49947619047619,4,2016,Spring
2016-05-28,36.0,13.0,23.0,307,737.2402717513037,6.323663873876987,0.37718405749780537,0.0621193812106775,2.963556946810776e-10,15.881748084532015,284282,6.7686190476190475,5,2016,Spring
2016-07-11,40.0,18.0,29.0,14,33.6200775391474,0.28837555125171926,0.017200575911952037,0.002832805657815912,1.3514591939853702e-11,0.7242490983174209,12964,0.30866666666666664,7,2016,Summer
2016-08-27,36.0,15.0,27.0,18,43.2258139789038,0.3707685658950676,0.02211502617250976,0.0036421787029061728,1.7375903922669046e-11,0.9311774121223982,16668,0.39685714285714285,8,2016,Summer
2016-10-10,30.0,1.0,14.0,9,21.6129069894519,0.1853842829475338,0.01105751308625488,0.0018210893514530864,8.687951961334523e-12,0.4655887060611991,8334,0.19842857142857143,10,2016,Fall
2016-11-22,30.0,-11.0,8.0,1038,2492.688606116786,21.3809872999489,1.2752998426147295,0.21003230520092261,1.0020104595405817e-09,53.697897432391635,961188,22.885428571428573,11,2016,Fall
2017-02-23,19.0,-3.0,2.0,3540,8501.076749184414,72.9178179593633,4.349288480593586,0.7162951449048807,3.417261104791579e-09,183.131557717405,3278040,78.04857142857144,2,2017,Winter
2017-04-12,32.0,1.0,15.0,1657,3979.1763201690887,34.131306316007056,2.0358110204360376,0.33528278392864047,1.599548488881256e-09,85.72005399371189,1534382,36.53290476190476,4,2017,Spring
2017-07-16,40.0,18.0,29.0,1,2.4014341099391,0.02059825366083709,0.0012286125651394311,0.00020234326127256514,9.653279957038359e-13,0.05173207845124435,926,0.02204761904761905,7,2017,Summer
2017-08-26,38.0,14.0,27.0,7,16.8100387695737,0.14418777562585963,0.008600287955976019,0.001416402828907956,6.757295969926851e-12,0.36212454915871045,6482,0.15433333333333332,8,2017,Summer
2017-10-12,31.0,4.0,17.0,26,62.437286858416606,0.5355545951817644,0.03194392669362521,0.005260924793086694,2.5098527888299733e-11,1.345034039732353,24076,0.5732380952380952,10,2017,Fall
2017-11-28,31.0,-1.0,12.0,819,1966.774536040123,16.86996974822558,1.006233690849194,0.16571913098223084,7.906036284814415e-10,42.36857225156912,758394,18.057,11,2017,Fall
2018-01-08,20.0,-12.0,4.0,2921,7014.589035132111,60.16749894330514,3.5887773027722782,0.5910446661771628,2.8197230754509044e-09,151.10940115608474,2704846,64.40109523809524,1,2018,Winter
2018-03-03,32.0,4.0,14.0,3276,7867.098144160492,67.47987899290231,4.024934763396776,0.6628765239289234,3.162414513925766e-09,169.47428900627648,3033576,72.228,3,2018,Spring
2018-04-16,31.0,1.0,14.0,1140,2737.634885330574,23.48200917335428,1.4006183242589516,0.23067131785072426,1.100473915102373e-09,58.974569434418555,1055640,25.134285714285713,4,2018,Spring
2018-05-30,36.0,9.0,21.0,324,778.0646516202685,6.673834186111217,0.3980704711051757,0.06555921665231111,3.127662706080428e-10,16.76119341820317,300024,7.143428571428571,5,2018,Spring
2018-07-14,41.0,18.0,31.0,0,0.0,0.0,0.0,0.0,0.0,0.0,0,0.0,7,2018,Summer
2018-08-27,38.0,14.0,27.0,44,105.6631008373204,0.906323161076832,0.05405895286613497,0.008903103495992866,4.247443181096878e-11,2.2762114518547514,46865,1.1158333333333332,8,2018,Summer
2018-10-08,31.0,3.0,15.0,31,74.4444574081121,0.6385458634859498,0.038086989519322365,0.00627264109944952,2.9925167866818916e-11,1.6036944319885749,33012,0.786,10,2018,Fall
2018-12-01,21.0,-1.0,7.0,1588,3813.477366583291,32.7100268134093,1.9510367534414166,0.32132109890083344,1.5329408571776914e-09,82.15054058057602,1500079,35.716166666666666,12,2018,Winter
2019-01-08,22.0,-4.0,6.0,2095,5031.004460322415,43.1533414194537,2.573943323967108,0.42390913236602396,2.022362150999536e-09,108.37870435535692,1960794,46.68557142857143,1,2019,Winter
2019-02-20,16.0,-5.0,5.0,2633,6322.976011469651,54.23520188898406,3.2349368840121224,0.532769806930664,2.5417086126882e-09,136.21056256212637,2461722,58.61242857142857,2,2019,Winter
2019-04-17,26.0,3.0,14.0,1730,4154.481010194643,35.63497883324817,2.1254997376912157,0.3500538420015377,1.6700174325676362e-09,89.49649572065272,1632668,38.87304761904762,4,2019,Spring
2019-06-01,38.0,14.0,27.0,292,701.2187601022173,6.0146900689644305,0.3587548690207139,0.059084232291589024,2.8187577474552007e-10,15.10576690776335,295052,7.025047619047619,6,2019,Summer
2019-07-13,41.0,19.0,31.0,0,0.0,0.0,0.0,0.0,0.0,0.0,0,0.0,7,2019,Summer
2019-08-27,41.0,15.0,27.0,13,31.218643429208303,0.2677772975908822,0.015971963346812605,0.002630462396543347,1.2549263944149867e-11,0.6725170198661765,0,0.0,8,2019,Summer
2019-10-08,31.0,5.0,16.0,34,81.64875973792941,0.7003406244684611,0.04177282721474066,0.006879670883267215,3.282115185393042e-11,1.758890667342308,0,0.0,10,2019,Fall
2019-11-25,22.0,-4.0,7.0,1205,2893.7281024766157,24.820895661308693,1.4804781409930146,0.243823629833441,1.1632202348231223e-09,62.33715453374944,713834,16.99604761904762,11,2019,Fall
2020-01-06,13.0,-9.0,2.0,2206,5297.563646525655,45.43974757580662,2.710319318697585,0.4463692343672787,2.129513558522662e-09,114.12096506344503,2065772,49.185047619047616,1,2020,Winter
2020-02-23,22.0,-2.0,7.0,3287,7893.513919369822,67.70645978317151,4.03844950161331,0.6651022998029217,3.1730331218785086e-09,170.04334186924018,3070065,73.09678571428572,2,2020,Winter
2020-07-15,39.0,18.0,29.0,25,60.0358527484775,0.5149563415209273,0.030715314128485778,0.005058581531814129,2.4133199892595897e-11,1.2933019612811087,0,0.0,7,2020,Summer
2020-08-26,38.0,14.0,26.0,9,21.6129069894519,0.1853842829475338,0.01105751308625488,0.0018210893514530864,8.687951961334523e-12,0.4655887060611991,0,0.0,8,2020,Summer
2020-10-19,27.0,1.0,14.0,85,204.1218993448235,1.7508515611711526,0.10443206803685165,0.017199177208168038,8.205287963482605e-11,4.39722666835577,0,0.0,10,2020,Fall
2021-01-18,23.0,-8.0,4.0,3964,9519.284811798592,81.65147751155823,4.8702202082127055,0.8020886876844482,3.826560174970006e-09,205.0659589807326,3695872,87.99695238095238,1,2021,Winter
2021-03-01,32.0,-4.0,11.0,1826,4385.018684748797,37.612411184688526,2.2434465439446014,0.36947879508370396,1.7626889201552043e-09,94.46277525197218,1713892,40.80695238095238,3,2021,Spring
2021-04-18,34.0,7.0,19.0,477,1145.4840704409507,9.825366996219293,0.5860481935715086,0.09651773562701357,4.604614539507297e-10,24.676201421243555,126752,3.017904761904762,4,2021,Spring
2021-05-30,39.0,13.0,24.0,11,26.4157752093301,0.226580790269208,0.013514738216533742,0.0022257758739982164,1.0618607952742195e-11,0.5690528629636878,0,0.0,5,2021,Spring
2021-07-17,43.0,20.0,30.0,15,36.0215116490865,0.3089738049125563,0.018429188477091466,0.0030351489190884773,1.4479919935557538e-11,0.7759811767686652,0,0.0,7,2021,Summer
2021-08-31,38.0,15.0,28.0,2,4.8028682198782,0.04119650732167418,0.0024572251302788623,0.0004046865225451303,1.9306559914076718e-12,0.1034641569024887,0,0.0,8,2021,Summer
2021-10-16,29.0,2.0,13.0,260,624.372868584166,5.355545951817644,0.3194392669362521,0.05260924793086694,2.509852788829973e-10,13.450340397323531,0,0.0,10,2021,Fall
2021-11-24,25.0,-4.0,8.0,1974,4740.430933019784,40.66095272649242,2.425281203585237,0.3994255977520436,1.905557463519372e-09,102.11912286275634,1849296,44.030857142857144,11,2021,Fall
2022-01-05,18.0,-5.0,5.0,2825,6784.051360577958,58.19006659186478,3.470830496518893,0.5716197130949965,2.7270515878633365e-09,146.14312162476529,2638966,62.832523809523806,1,2022,Winter
2022-02-21,20.0,-3.0,7.0,3227,7749.427872773476,66.4705645635213,3.9647327477049443,0.6529617041265677,3.1151134421362783e-09,166.9394171621655,3013957,71.76088095238096,2,2022,Winter
2022-05-23,36.0,10.0,20.0,167,401.03949635982974,3.439908361359794,0.205178298378285,0.03379132463251838,1.6120977528254058e-10,8.639257101357806,0,0.0,5,2022,Spring
2022-07-03,40.0,18.0,29.0,38,91.25449617768581,0.7827336391118094,0.04668727747529838,0.0076890439283574755,3.6682463836745764e-11,1.9658189811472853,0,0.0,7,2022,Summer
2022-08-20,36.0,14.0,26.0,20,48.028682198782,0.4119650732167418,0.024572251302788624,0.004046865225451303,1.9306559914076718e-11,1.034641569024887,0,0.0,8,2022,Summer
2022-10-01,33.0,6.0,17.0,7,16.8100387695737,0.14418777562585963,0.008600287955976019,0.001416402828907956,6.757295969926851e-12,0.36212454915871045,0,0.0,10,2022,Fall
2022-11-20,24.0,0.0,11.0,1095,2629.5703503833147,22.555087758616615,1.345330758827677,0.22156587109345882,1.0570341552957003e-09,56.64662590411256,770614,18.347952380952382,11,2022,Fall
2016-05-10,35.0,9.0,24.0,103,247.3477133237273,2.1216201270662203,0.12654709420936142,0.02084135591107421,9.94287835574951e-11,5.328404080478168,95378,2.2709047619047618,5,2016,Spring
2016-07-05,41.0,16.0,30.0,0,0.0,0.0,0.0,0.0,0.0,0.0,0,0.0,7,2016,Summer
2016-08-20,38.0,16.0,30.0,0,0.0,0.0,0.0,0.0,0.0,0.0,0,0.0,8,2016,Summer
2016-10-03,29.0,5.0,18.0,29259,70263.56062270813,602.6843038624324,35.947975043414615,5.920361481573983,2.8244531826298535e-08,1513.6288834049583,6144010,146.28595238095238,10,2016,Fall
2016-11-13,24.0,-14.0,9.0,139,333.7993412815349,2.8631572588563556,0.17077714655438092,0.028125713316886555,1.341805914028332e-10,7.190758904722965,128714,3.064619047619048,11,2016,Fall
2016-12-29,16.0,-6.0,5.0,8756,21026.95706662676,180.35830905428955,10.75773162036086,1.7717175957025804,8.452411930382786e-09,452.96607891909554,8108056,193.0489523809524,12,2016,Winter
2017-02-09,16.0,-10.0,3.0,10594,25440.792960694827,218.21789928290812,13.015921515087134,2.143624509921555,1.0226684786486438e-08,548.0496391124826,9810044,233.57247619047618,2,2017,Winter
2017-03-15,21.0,-1.0,10.0,6336,15215.486520574139,130.5105351950638,7.784489212723436,1.2820469034229727,6.116318180779504e-09,327.77444906708416,5867136,139.6937142857143,3,2017,Spring
2017-05-05,34.0,11.0,24.0,1048,2516.702947216177,21.58696983655727,1.287585968266124,0.21205573781364828,1.01166373949762e-09,54.21521821690408,970448,23.10590476190476,5,2017,Spring
2017-06-20,38.0,14.0,29.0,138,331.3979071715958,2.8425590051955183,0.1695485339892415,0.02792337005561399,1.3321526340712935e-10,7.13902682627172,127788,3.0425714285714287,6,2017,Summer
2017-08-05,38.0,16.0,30.0,392,941.3621710961272,8.07451543504814,0.481616125534657,0.07931855841884554,3.7840857431590364e-10,20.278974752887784,362992,8.642666666666667,8,2017,Summer
2017-09-23,37.0,9.0,26.0,0,0.0,0.0,0.0,0.0,0.0,0.0,0,0.0,9,2017,Fall
2017-11-05,24.0,-5.0,12.0,78,187.3118605752498,1.606663785545293,0.09583178008087563,0.01578277437926008,7.52955836648992e-11,4.0351021191970595,72228,1.7197142857142858,11,2017,Fall
2017-12-20,20.0,-6.0,7.0,4895,11755.019968151895,100.82845166979756,6.014058506357515,0.9904702639292063,4.725280538970276e-09,253.22852401884109,4532770,107.92309523809524,12,2017,Winter
2018-02-04,15.0,-9.0,6.0,7977,19156.239894984203,164.31226945249747,9.800642432117241,1.6140921951712521,7.700421421729498e-09,412.6667898055762,7386702,175.87385714285713,2,2018,Winter
2018-04-29,26.0,-1.0,15.0,953,2288.5667067719623,19.630135738777746,1.170867774577878,0.1928331279927546,9.199575799057556e-10,49.300670764035864,882477,21.011357142857143,4,2018,Spring
2018-06-05,39.0,14.0,28.0,5080,12199.285278490628,104.63912859705242,6.24135183090831,1.027903767264631,4.9038662181754865e-09,262.7989585323213,4704080,112.00190476190477,6,2018,Summer
2018-07-21,42.0,21.0,34.0,23,55.2329845285993,0.47375983419925305,0.028258088998206917,0.004653895009268999,2.2202543901188225e-11,1.18983780437862,21298,0.507095238095238,7,2018,Summer
2018-09-05,36.0,12.0,27.0,27,64.8387209683557,0.5561528488426014,0.03317253925876464,0.005463268054359259,2.606385588400357e-11,1.3967661181835973,28752,0.6845714285714286,9,2018,Fall
2018-10-22,31.0,4.0,18.0,318,763.6560469606338,6.550244664146195,0.39069879571433913,0.06434515708467571,3.069743026338198e-10,16.450800947495704,338638,8.062809523809523,10,2018,Fall
2018-12-04,16.0,-2.0,7.0,4405,10578.317254281736,90.73530737598739,5.412038349439194,0.8913220659056494,4.252269821075397e-09,227.87980557773136,4334302,103.19766666666666,12,2018,Winter
2019-01-19,15.0,-5.0,4.0,7727,18555.881367499427,159.1627060372882,9.493489290832384,1.5635063798531108,7.45908942280354e-09,399.73377019276506,7428283,176.86388095238095,1,2019,Winter
2019-02-25,13.0,-4.0,6.0,6583,15808.640745729095,135.59830384929057,8.087956516312875,1.3320256889572963,6.354754195718352e-09,340.55227244454153,6315510,150.36928571428572,2,2019,Winter
2019-04-08,24.0,-1.0,14.0,3825,9185.485470517058,78.78832025270187,4.699443061658324,0.7739629743675617,3.6923795835671724e-09,197.87520007600963,270807,6.447785714285715,4,2019,Spring
2019-05-17,33.0,10.0,23.0,0,0.0,0.0,0.0,0.0,0.0,0.0,0,0.0,5,2019,Spring
2019-08-23,39.0,15.0,28.0,0,0.0,0.0,0.0,0.0,0.0,0.0,0,0.0,8,2019,Summer
2019-10-06,30.0,8.0,18.0,0,0.0,0.0,0.0,0.0,0.0,0.0,0,0.0,10,2019,Fall
2020-01-14,10.0,-7.0,2.0,3627,8710.001516749116,74.70986602785612,4.456177773760717,0.7338990086355938,3.501244640417813e-09,187.63224854266326,0,0.0,1,2020,Winter
2020-02-18,19.0,-3.0,5.0,8580,20604.30466327748,176.73301640998224,10.54149580889632,1.7361051817186088,8.282514203138912e-09,443.8612331116765,0,0.0,2,2020,Winter
2020-06-01,38.0,13.0,27.0,0,0.0,0.0,0.0,0.0,0.0,0.0,0,0.0,6,2020,Summer
2020-07-17,40.0,16.0,28.0,0,0.0,0.0,0.0,0.0,0.0,0.0,0,0.0,7,2020,Summer
2020-09-02,36.0,10.0,23.0,0,0.0,0.0,0.0,0.0,0.0,0.0,0,0.0,9,2020,Fall
2020-10-06,53.0,5.0,16.0,0,0.0,0.0,0.0,0.0,0.0,0.0,0,0.0,10,2020,Fall
2021-02-22,19.0,-5.0,7.0,7150,17170.253886064565,147.2775136749852,8.784579840746932,1.4467543180988407,6.902095169282426e-09,369.8843609263971,1660636,39.53895238095238,2,2021,Winter
2021-06-02,38.0,13.0,28.0,0,0.0,0.0,0.0,0.0,0.0,0.0,0,0.0,6,2021,Summer
2021-10-13,28.0,5.0,15.0,0,0.0,0.0,0.0,0.0,0.0,0.0,0,0.0,10,2021,Fall
2021-11-24,23.0,-2.0,8.0,1905,4574.7319794339855,39.239673223894656,2.340506936590616,0.3854639127242366,1.8389498318158075e-09,98.54960944962049,1198432,28.534095238095237,11,2021,Fall
2022-01-05,14.0,-9.0,3.0,9766,23452.40551766525,201.16254525173503,11.998630311151684,1.9760842895878712,9.427393206043661e-09,505.2154781548523,0,0.0,1,2022,Winter
2022-02-17,18.0,-3.0,6.0,4934,11848.67589843952,101.6317835625702,6.061974396397953,0.9983616511188365,4.762928330802726e-09,255.24607507843962,0,0.0,2,2022,Winter
2022-05-28,31.0,6.0,19.0,7837,18820.039119592726,161.42851393998026,9.628636672997722,1.585764138593093,7.565275502330962e-09,405.42429882240197,3195241,76.07716666666667,5,2022,Spring
2022-07-17,39.0,13.0,27.0,26,62.437286858416606,0.5355545951817644,0.03194392669362521,0.005260924793086694,2.5098527888299733e-11,1.345034039732353,0,0.0,7,2022,Summer
2022-09-04,35.0,12.0,25.0,3,7.204302329817301,0.06179476098251127,0.0036858376954182932,0.0006070297838176955,2.8959839871115077e-12,0.15519623535373306,0,0.0,9,2022,Fall
2022-12-07,13.0,-5.0,4.0,3614,8678.782873319908,74.44208873026524,4.440205810413905,0.7312685462390505,3.4886953764736627e-09,186.95973152279709,0,0.0,12,2022,Winter
2023-01-10,9.0,-10.0,0.0,10343,24838.032999100113,213.04773761403803,12.707539761237136,2.0928363513421413,9.984387459564774e-09,535.0648874212203,10757407,256.1287380952381,1,2023,Winter
